,id,rating,release_date_cert
0,116977,PG,2013-05-07 00:00:00+00:00
1,308024,R,2015-01-23 00:00:00+00:00
2,308024,R,2015-01-23 00:00:00+00:00
3,83770,R,2012-12-21 00:00:00+00:00
4,83770,R,2012-12-21 00:00:00+00:00
5,83770,R,2012-12-21 00:00:00+00:00
6,116745,PG,2013-12-25 00:00:00+00:00
7,169917,R,2014-09-19 00:00:00+00:00
8,135397,PG-13,2015-06-12 00:00:00+00:00
9,23514,R,2011-10-27 00:00:00+00:00
10,76489,PG,2012-04-13 00:00:00+00:00
11,324352,,2010-05-20 00:00:00+00:00
12,38757,PG,2010-11-24 00:00:00+00:00
13,49529,PG-13,2012-03-09 00:00:00+00:00
14,38778,PG-13,2010-07-30 00:00:00+00:00
15,34544,PG-13,2010-06-11 00:00:00+00:00
16,77883,PG-13,2012-08-31 00:00:00+00:00
17,39254,PG-13,2011-10-06 00:00:00+00:00
18,227156,PG-13,2014-08-11 00:00:00+00:00
19,10193,G,2010-06-17 00:00:00+00:00
20,72976,PG-13,2012-11-16 00:00:00+00:00
21,283350,PG-13,2015-05-21 00:00:00+00:00
22,283350,PG-13,2015-05-21 00:00:00+00:00
23,417859,PG,2011-10-28 00:00:00+00:00
24,241224,,2013-09-29 00:00:00+00:00
25,241224,,2013-09-29 00:00:00+00:00
26,241224,,2013-09-29 00:00:00+00:00
27,109410,PG-13,2013-04-12 00:00:00+00:00
28,87827,PG,2012-11-21 00:00:00+00:00
29,29427,R,2010-02-26 00:00:00+00:00
30,156022,R,2014-09-26 00:00:00+00:00
31,1771,PG-13,2011-07-22 00:00:00+00:00
32,189,R,2014-08-22 00:00:00+00:00
33,280381,R,2014-01-11 00:00:00+00:00
34,43593,R,2010-08-20 00:00:00+00:00
35,44754,R,2011-09-30 00:00:00+00:00
36,264660,R,2015-04-24 00:00:00+00:00
37,59108,PG-13,2011-11-04 00:00:00+00:00
38,41513,PG,2011-07-29 00:00:00+00:00
39,27582,R,2011-01-28 00:00:00+00:00
40,270487,PG-13,2016-02-05 00:00:00+00:00
41,44048,PG-13,2010-11-12 00:00:00+00:00
42,44048,PG-13,2010-11-12 00:00:00+00:00
43,44048,PG-13,2010-11-12 00:00:00+00:00
44,8967,PG-13,2011-05-27 00:00:00+00:00
45,102899,PG-13,2015-07-17 00:00:00+00:00
46,23047,PG-13,2011-01-07 00:00:00+00:00
47,34813,PG-13,2010-04-23 00:00:00+00:00
48,34813,PG-13,2010-04-23 00:00:00+00:00
49,48988,R,2011-02-25 00:00:00+00:00
50,49519,PG,2013-03-22 00:00:00+00:00
51,44594,R,2010-03-13 00:00:00+00:00
52,72431,PG-13,2012-01-11 00:00:00+00:00
53,68730,R,2017-03-28 00:00:00+00:00
54,68730,R,2017-03-28 00:00:00+00:00
55,68730,R,2017-03-28 00:00:00+00:00
56,68730,R,2017-03-28 00:00:00+00:00
57,68730,R,2017-03-28 00:00:00+00:00
58,68730,R,2017-03-28 00:00:00+00:00
59,49022,PG-13,2011-05-05 00:00:00+00:00
60,257785,R,2017-08-25 00:00:00+00:00
61,35169,PG,2010-04-02 00:00:00+00:00
62,38843,G,2010-07-23 00:00:00+00:00
63,14564,PG-13,2017-02-03 00:00:00+00:00
64,72358,PG-13,2012-03-08 00:00:00+00:00
65,63492,R,2011-09-30 00:00:00+00:00
66,89708,PG-13,2012-08-22 00:00:00+00:00
67,49521,PG-13,2013-11-12 00:00:00+00:00
68,64690,R,2011-09-16 00:00:00+00:00
69,64690,R,2011-09-16 00:00:00+00:00
70,7978,R,2010-02-12 00:00:00+00:00
71,170687,PG,2014-09-26 00:00:00+00:00
72,353326,PG-13,2016-04-29 00:00:00+00:00
73,124459,PG-13,2013-03-15 00:00:00+00:00
74,152532,R,2013-11-22 00:00:00+00:00
75,152532,R,2013-11-22 00:00:00+00:00
76,75780,PG-13,2012-12-21 00:00:00+00:00
77,49524,PG-13,2013-07-19 00:00:00+00:00
78,18823,PG-13,2010-04-02 00:00:00+00:00
79,10195,PG-13,2011-05-06 00:00:00+00:00
80,68735,PG-13,2016-06-10 00:00:00+00:00
81,43923,PG-13,2010-09-26 00:00:00+00:00
82,23023,PG,2010-01-22 00:00:00+00:00
83,71880,PG,2011-11-11 00:00:00+00:00
84,50725,R,2011-03-04 00:00:00+00:00
85,32657,PG,2010-02-11 00:00:00+00:00
86,34016,R,2010-03-12 00:00:00+00:00
87,203833,PG-13,2013-11-08 00:00:00+00:00
88,37430,R,2011-08-19 00:00:00+00:00
89,157336,PG-13,2014-11-05 00:00:00+00:00
90,72190,PG-13,2013-06-21 00:00:00+00:00
91,43949,PG,2010-07-26 00:00:00+00:00
92,43949,PG,2010-07-26 00:00:00+00:00
93,32856,PG-13,2010-02-11 00:00:00+00:00
94,38321,PG-13,2011-05-13 00:00:00+00:00
95,49017,PG-13,2014-10-03 00:00:00+00:00
96,124905,PG-13,2014-05-16 00:00:00+00:00
97,76492,PG,2012-09-28 00:00:00+00:00
98,23168,R,2010-09-17 00:00:00+00:00
99,39781,R,2010-01-25 00:00:00+00:00
100,24428,PG-13,2012-05-04 00:00:00+00:00
101,116711,PG,2013-05-24 00:00:00+00:00
102,335778,PG-13,2016-01-22 00:00:00+00:00
103,335778,PG-13,2016-01-22 00:00:00+00:00
104,116613,R,2013-03-01 00:00:00+00:00
105,82703,PG,2014-03-07 00:00:00+00:00
106,43931,R,2010-10-08 00:00:00+00:00
107,48572,R,2011-09-23 00:00:00+00:00
108,40247,R,2010-01-22 00:00:00+00:00
109,38167,PG-13,2010-08-12 00:00:00+00:00
110,48340,R,2011-02-04 00:00:00+00:00
111,295180,,2011-01-01 00:00:00+00:00
112,295180,,2011-01-01 00:00:00+00:00
113,252838,R,2015-01-16 00:00:00+00:00
114,41210,PG-13,2010-08-20 00:00:00+00:00
115,37056,PG,2010-05-14 00:00:00+00:00
116,10191,PG,2010-03-26 00:00:00+00:00
117,10192,PG,2010-05-16 00:00:00+00:00
118,49051,PG-13,2012-12-14 00:00:00+00:00
119,60935,R,2011-10-14 00:00:00+00:00
120,258489,PG-13,2016-07-01 00:00:00+00:00
121,53502,,2010-05-13 00:00:00+00:00
122,27585,PG-13,2010-12-16 00:00:00+00:00
123,10196,PG,2010-07-01 00:00:00+00:00
124,168027,R,2012-04-22 00:00:00+00:00
125,27576,PG-13,2010-07-23 00:00:00+00:00
126,45612,PG-13,2011-04-01 00:00:00+00:00
127,44214,R,2010-12-03 00:00:00+00:00
128,22972,R,2010-03-11 00:00:00+00:00
129,1930,PG-13,2012-07-03 00:00:00+00:00
130,37414,R,2010-04-27 00:00:00+00:00
131,20662,PG-13,2010-05-14 00:00:00+00:00
132,20662,PG-13,2010-05-14 00:00:00+00:00
133,20662,PG-13,2010-05-14 00:00:00+00:00
134,20662,PG-13,2010-05-14 00:00:00+00:00
135,20662,PG-13,2010-05-14 00:00:00+00:00
136,20662,PG-13,2010-05-14 00:00:00+00:00
137,251994,R,2014-03-14 00:00:00+00:00
138,27022,PG,2010-07-13 00:00:00+00:00
139,45317,R,2010-12-17 00:00:00+00:00
140,60309,PG-13,2011-04-15 00:00:00+00:00
141,44826,PG,2011-11-23 00:00:00+00:00
142,44826,PG,2011-11-23 00:00:00+00:00
143,39451,PG-13,2010-12-21 00:00:00+00:00
144,141052,PG-13,2017-11-17 00:00:00+00:00
145,141052,PG-13,2017-11-17 00:00:00+00:00
146,23629,PG-13,2011-03-25 00:00:00+00:00
147,41382,PG-13,2010-08-20 00:00:00+00:00
148,10140,PG,2010-12-10 00:00:00+00:00
149,17578,PG,2011-12-20 00:00:00+00:00
150,23631,R,2010-09-03 00:00:00+00:00
151,22971,PG-13,2010-02-04 00:00:00+00:00
152,108993,,2010-01-16 00:00:00+00:00
153,108993,,2010-01-16 00:00:00+00:00
154,40805,PG-13,2011-01-13 00:00:00+00:00
155,50456,PG-13,2011-04-08 00:00:00+00:00
156,106646,R,2013-12-25 00:00:00+00:00
157,64639,R,2011-09-16 00:00:00+00:00
158,38055,PG,2010-11-04 00:00:00+00:00
159,318850,PG-13,2016-03-11 00:00:00+00:00
160,71688,PG-13,2011-12-30 00:00:00+00:00
161,309809,PG,2016-08-05 00:00:00+00:00
162,37834,PG-13,2010-06-23 00:00:00+00:00
163,43935,PG-13,2011-11-01 00:00:00+00:00
164,12155,PG,2010-03-05 00:00:00+00:00
165,12155,PG,2010-03-05 00:00:00+00:00
166,181283,R,2015-04-17 00:00:00+00:00
167,206197,PG-13,2014-10-18 00:00:00+00:00
168,206197,PG-13,2014-10-18 00:00:00+00:00
169,27586,R,2010-01-24 00:00:00+00:00
170,27586,R,2010-01-24 00:00:00+00:00
171,273895,PG-13,2014-12-25 00:00:00+00:00
172,23759,R,2010-02-15 00:00:00+00:00
173,68734,R,2012-10-12 00:00:00+00:00
174,39486,PG,2010-10-08 00:00:00+00:00
175,243688,PG-13,2015-05-22 00:00:00+00:00
176,109513,R,2012-08-22 00:00:00+00:00
177,46528,R,2010-12-03 00:00:00+00:00
178,65057,R,2011-11-18 00:00:00+00:00
179,65057,R,2011-11-18 00:00:00+00:00
180,49494,PG-13,2011-02-11 00:00:00+00:00
181,361292,R,2018-11-02 00:00:00+00:00
182,20504,R,2010-01-11 00:00:00+00:00
183,22894,R,2010-01-22 00:00:00+00:00
184,27573,PG-13,2010-03-19 00:00:00+00:00
185,49852,PG,2010-11-24 00:00:00+00:00
186,188207,PG-13,2014-01-10 00:00:00+00:00
187,82693,R,2012-12-25 00:00:00+00:00
188,88042,PG,2012-12-25 00:00:00+00:00
189,257445,PG,2016-01-26 00:00:00+00:00
190,257445,PG,2016-01-26 00:00:00+00:00
191,31867,R,2010-03-19 00:00:00+00:00
192,73937,PG,2011-10-14 00:00:00+00:00
193,85350,R,2014-01-19 00:00:00+00:00
194,55787,PG-13,2011-04-22 00:00:00+00:00
195,59860,PG,2011-07-01 00:00:00+00:00
196,68817,PG-13,2011-10-14 00:00:00+00:00
197,71676,PG-13,2011-12-11 00:00:00+00:00
198,416234,PG-13,2018-05-01 00:00:00+00:00
199,37724,PG-13,2012-11-09 00:00:00+00:00
200,20533,PG-13,2010-06-18 00:00:00+00:00
201,62213,PG-13,2012-05-11 00:00:00+00:00
202,341006,R,2016-03-17 00:00:00+00:00
203,319888,PG-13,2015-12-12 00:00:00+00:00
204,241254,R,2014-08-22 00:00:00+00:00
205,232672,PG-13,2014-05-23 00:00:00+00:00
206,193756,R,2013-12-24 00:00:00+00:00
207,39513,R,2011-03-17 00:00:00+00:00
208,39513,R,2011-03-17 00:00:00+00:00
209,38407,R,2010-10-02 00:00:00+00:00
210,38407,R,2010-10-02 00:00:00+00:00
211,71469,PG-13,2011-12-25 00:00:00+00:00
212,71469,PG-13,2011-12-25 00:00:00+00:00
213,37821,PG-13,2010-06-04 00:00:00+00:00
214,37821,PG-13,2010-06-04 00:00:00+00:00
215,27004,R,2010-01-01 00:00:00+00:00
216,116149,PG,2015-01-16 00:00:00+00:00
217,68727,R,2013-04-05 00:00:00+00:00
218,68727,R,2013-04-05 00:00:00+00:00
219,68727,R,2013-04-05 00:00:00+00:00
220,68727,R,2013-04-05 00:00:00+00:00
221,16290,R,2010-10-15 00:00:00+00:00
222,46705,R,2010-01-24 00:00:00+00:00
223,46705,R,2010-01-24 00:00:00+00:00
224,68737,PG-13,2015-02-06 00:00:00+00:00
225,10316,R,2011-10-07 00:00:00+00:00
226,316152,R,2016-06-24 00:00:00+00:00
227,39845,R,2010-06-30 00:00:00+00:00
228,87093,PG-13,2014-12-25 00:00:00+00:00
229,42297,PG-13,2010-11-23 00:00:00+00:00
230,38357,PG-13,2010-11-10 00:00:00+00:00
231,47654,,2010-09-11 00:00:00+00:00
232,47654,,2010-09-11 00:00:00+00:00
233,11324,R,2010-02-18 00:00:00+00:00
234,59728,PG-13,2011-03-25 00:00:00+00:00
235,59728,PG-13,2011-03-25 00:00:00+00:00
236,44912,PG-13,2011-06-17 00:00:00+00:00
237,239897,,2014-01-24 00:00:00+00:00
238,22907,PG-13,2010-08-26 00:00:00+00:00
239,395990,R,2018-03-02 00:00:00+00:00
240,316002,PG-13,2015-02-10 00:00:00+00:00
241,11439,PG-13,2010-02-12 00:00:00+00:00
242,62214,PG,2012-10-05 00:00:00+00:00
243,118612,PG-13,2012-09-14 00:00:00+00:00
244,118612,PG-13,2012-09-14 00:00:00+00:00
245,118612,PG-13,2012-09-14 00:00:00+00:00
246,118612,PG-13,2012-09-14 00:00:00+00:00
247,38117,PG-13,2011-03-04 00:00:00+00:00
248,43942,PG-13,2010-10-01 00:00:00+00:00
249,41479,R,2010-04-16 00:00:00+00:00
250,41479,R,2010-04-16 00:00:00+00:00
251,38575,PG,2010-06-10 00:00:00+00:00
252,48171,PG-13,2011-01-28 00:00:00+00:00
253,57158,PG-13,2013-12-13 00:00:00+00:00
254,175528,PG-13,2013-09-27 00:00:00+00:00
255,46503,R,2010-12-03 00:00:00+00:00
256,232572,R,2015-09-02 00:00:00+00:00
257,23437,R,2010-04-30 00:00:00+00:00
258,333371,PG-13,2016-03-11 00:00:00+00:00
259,9364,NR,2012-01-21 00:00:00+00:00
260,38031,R,2010-05-23 00:00:00+00:00
261,31007,R,2010-01-23 00:00:00+00:00
262,50348,R,2011-03-18 00:00:00+00:00
263,44896,PG,2011-03-03 00:00:00+00:00
264,41233,PG-13,2010-08-06 00:00:00+00:00
265,49040,PG-13,2012-08-10 00:00:00+00:00
266,45324,R,2010-12-17 00:00:00+00:00
267,72207,R,2012-04-18 00:00:00+00:00
268,33217,PG,2010-03-19 00:00:00+00:00
269,326284,R,2015-05-07 00:00:00+00:00
270,326284,R,2015-05-07 00:00:00+00:00
271,326284,R,2015-05-07 00:00:00+00:00
272,64328,PG,2011-11-23 00:00:00+00:00
273,137093,PG-13,2013-11-01 00:00:00+00:00
274,242512,PG-13,2014-10-24 00:00:00+00:00
275,137094,PG-13,2014-01-17 00:00:00+00:00
276,164457,R,2013-12-06 00:00:00+00:00
277,41894,PG-13,2010-02-01 00:00:00+00:00
278,60308,PG-13,2011-09-22 00:00:00+00:00
279,57201,PG-13,2013-07-03 00:00:00+00:00
280,284052,PG-13,2016-11-04 00:00:00+00:00
281,284052,PG-13,2016-11-04 00:00:00+00:00
282,19688,R,2010-07-13 00:00:00+00:00
283,107846,R,2013-10-18 00:00:00+00:00
284,46256,PG,2011-06-03 00:00:00+00:00
285,44603,PG-13,2010-10-22 00:00:00+00:00
286,314095,PG-13,2016-10-15 00:00:00+00:00
287,314095,PG-13,2016-10-15 00:00:00+00:00
288,82633,R,2012-08-29 00:00:00+00:00
289,369972,PG-13,2018-10-12 00:00:00+00:00
290,369972,PG-13,2018-10-12 00:00:00+00:00
291,107985,R,2013-08-23 00:00:00+00:00
292,49013,G,2011-06-16 00:00:00+00:00
293,245916,R,2014-10-10 00:00:00+00:00
294,25195,PG,2010-01-08 00:00:00+00:00
295,59457,NR,2010-07-15 00:00:00+00:00
296,62177,PG,2012-06-22 00:00:00+00:00
297,51876,PG-13,2011-03-08 00:00:00+00:00
298,51876,PG-13,2011-03-08 00:00:00+00:00
299,51876,PG-13,2011-03-08 00:00:00+00:00
300,41216,PG,2010-09-24 00:00:00+00:00
301,315837,PG-13,2017-03-31 00:00:00+00:00
302,35791,R,2010-09-10 00:00:00+00:00
303,38317,PG,2011-07-08 00:00:00+00:00
304,32823,R,2010-06-04 00:00:00+00:00
305,12201,R,2010-01-29 00:00:00+00:00
306,48289,R,2011-08-31 00:00:00+00:00
307,59437,R,2011-06-03 00:00:00+00:00
308,59437,R,2011-06-03 00:00:00+00:00
309,72914,NR,2010-04-16 00:00:00+00:00
310,10138,PG-13,2010-05-07 00:00:00+00:00
311,41402,R,2010-10-01 00:00:00+00:00
312,41402,R,2010-10-01 00:00:00+00:00
313,109443,PG-13,2013-12-18 00:00:00+00:00
314,300687,PG-13,2017-10-20 00:00:00+00:00
315,300687,PG-13,2017-10-20 00:00:00+00:00
316,49953,G,2011-03-25 00:00:00+00:00
317,41733,R,2010-11-04 00:00:00+00:00
318,23048,R,2010-03-26 00:00:00+00:00
319,87428,R,2012-06-15 00:00:00+00:00
320,49250,,2010-01-23 00:00:00+00:00
321,49250,,2010-01-23 00:00:00+00:00
322,64688,R,2012-03-12 00:00:00+00:00
323,62728,,
324,38543,R,2011-07-08 00:00:00+00:00
325,60747,PG-13,2012-11-21 00:00:00+00:00
326,97020,PG-13,2014-02-12 00:00:00+00:00
327,54662,R,2011-01-21 00:00:00+00:00
328,44147,PG-13,2010-10-29 00:00:00+00:00
329,98357,R,2013-01-18 00:00:00+00:00
330,347755,R,2015-10-16 00:00:00+00:00
331,98957,,2010-01-01 00:00:00+00:00
332,250184,R,2014-03-29 00:00:00+00:00
333,43947,R,2010-10-08 00:00:00+00:00
334,71859,R,2012-05-15 00:00:00+00:00
335,71859,R,2012-05-15 00:00:00+00:00
336,37710,PG-13,2010-12-10 00:00:00+00:00
337,222936,PG-13,2015-05-29 00:00:00+00:00
338,27569,PG,2010-01-21 00:00:00+00:00
339,45094,R,2010-10-15 00:00:00+00:00
340,154205,,2011-01-01 00:00:00+00:00
341,154205,,2011-01-01 00:00:00+00:00
342,154205,,2011-01-01 00:00:00+00:00
343,418437,R,2017-04-21 00:00:00+00:00
344,418437,R,2017-04-21 00:00:00+00:00
345,418437,R,2017-04-21 00:00:00+00:00
346,27584,R,2012-09-04 00:00:00+00:00
347,27584,R,2012-09-04 00:00:00+00:00
348,23483,R,2010-04-16 00:00:00+00:00
349,51995,PG,2011-07-15 00:00:00+00:00
350,53182,R,2014-03-07 00:00:00+00:00
351,37958,R,2011-11-11 00:00:00+00:00
352,426563,PG-13,2018-12-25 00:00:00+00:00
353,97430,R,2012-11-02 00:00:00+00:00
354,22970,R,2012-04-12 00:00:00+00:00
355,22970,R,2012-04-12 00:00:00+00:00
356,449443,R,2018-01-19 00:00:00+00:00
357,35402,R,2010-09-10 00:00:00+00:00
358,35402,R,2010-09-10 00:00:00+00:00
359,37786,R,2010-05-27 00:00:00+00:00
360,41446,R,2011-04-11 00:00:00+00:00
361,49950,PG-13,2011-02-04 00:00:00+00:00
362,184315,PG-13,2014-07-25 00:00:00+00:00
363,184315,PG-13,2014-07-25 00:00:00+00:00
364,62630,R,2011-07-29 00:00:00+00:00
365,46261,R,2010-11-06 00:00:00+00:00
366,204973,,2011-07-15 00:00:00+00:00
367,204973,,2011-07-15 00:00:00+00:00
368,136400,R,2013-08-02 00:00:00+00:00
369,95755,R,2012-03-10 00:00:00+00:00
370,220882,R,2018-10-26 00:00:00+00:00
371,23172,PG,2010-01-15 00:00:00+00:00
372,44638,PG-13,2010-12-10 00:00:00+00:00
373,44638,PG-13,2010-12-10 00:00:00+00:00
374,44638,PG-13,2010-12-10 00:00:00+00:00
375,297596,R,2014-12-04 00:00:00+00:00
376,59967,R,2012-09-28 00:00:00+00:00
377,80321,PG,2012-06-08 00:00:00+00:00
378,35056,PG-13,2010-04-08 00:00:00+00:00
379,281230,,2014-01-01 00:00:00+00:00
380,37735,PG-13,2010-09-17 00:00:00+00:00
381,52449,R,2011-06-19 00:00:00+00:00
382,371608,"R,NR",2018-06-12 00:00:00+00:00
383,37799,PG-13,2010-10-01 00:00:00+00:00
384,39691,PG,2010-07-30 00:00:00+00:00
385,109428,R,2013-04-05 00:00:00+00:00
386,43074,PG-13,2016-07-15 00:00:00+00:00
387,66468,R,2010-10-15 00:00:00+00:00
388,98566,PG-13,2014-08-08 00:00:00+00:00
389,59440,PG-13,2011-09-09 00:00:00+00:00
390,47971,PG-13,2017-01-20 00:00:00+00:00
391,35690,PG,2010-03-31 00:00:00+00:00
392,85860,R,2011-03-13 00:00:00+00:00
393,80035,R,2012-07-27 00:00:00+00:00
394,1865,PG-13,2011-05-07 00:00:00+00:00
395,49444,PG,2011-05-25 00:00:00+00:00
396,41515,PG,2010-12-17 00:00:00+00:00
397,55567,,2010-07-16 00:00:00+00:00
398,34563,PG-13,2010-03-12 00:00:00+00:00
399,50321,PG,2011-03-11 00:00:00+00:00
400,40807,R,2011-09-28 00:00:00+00:00
401,40807,R,2011-09-28 00:00:00+00:00
402,88005,R,2012-06-22 00:00:00+00:00
403,70074,R,2013-02-01 00:00:00+00:00
404,44629,R,2010-01-22 00:00:00+00:00
405,68412,,2010-01-24 00:00:00+00:00
406,44040,PG-13,2010-09-17 00:00:00+00:00
407,45054,PG-13,2011-05-06 00:00:00+00:00
408,61791,PG-13,2011-08-04 00:00:00+00:00
409,38358,PG-13,2010-08-27 00:00:00+00:00
410,27578,R,2010-08-03 00:00:00+00:00
411,38745,PG,2010-12-25 00:00:00+00:00
412,49787,R,2010-05-15 00:00:00+00:00
413,34803,R,2010-04-15 00:00:00+00:00
414,50780,PG-13,2011-05-05 00:00:00+00:00
415,79698,R,2015-02-13 00:00:00+00:00
416,79698,R,2015-02-13 00:00:00+00:00
417,82682,R,2013-01-07 00:00:00+00:00
418,152737,R,2013-10-08 00:00:00+00:00
419,152737,R,2013-10-08 00:00:00+00:00
420,38073,R,2010-09-03 00:00:00+00:00
421,44363,R,2010-09-28 00:00:00+00:00
422,44363,R,2010-09-28 00:00:00+00:00
423,20352,PG,2010-07-09 00:00:00+00:00
424,24021,PG-13,2010-06-23 00:00:00+00:00
425,77877,PG-13,2012-04-20 00:00:00+00:00
426,260947,R,2014-04-04 00:00:00+00:00
427,39053,R,2010-06-18 00:00:00+00:00
428,39053,R,2010-06-18 00:00:00+00:00
429,87818,R,2013-01-25 00:00:00+00:00
430,42188,R,2010-09-15 00:00:00+00:00
431,49012,PG-13,2011-04-08 00:00:00+00:00
432,66195,R,2010-07-01 00:00:00+00:00
433,64686,PG-13,2013-12-25 00:00:00+00:00
434,80585,PG-13,2012-06-15 00:00:00+00:00
435,49517,R,2011-12-09 00:00:00+00:00
436,37495,R,2010-01-23 00:00:00+00:00
437,127209,,2010-10-31 00:00:00+00:00
438,127209,,2010-10-31 00:00:00+00:00
439,64682,PG-13,2013-05-10 00:00:00+00:00
440,49049,R,2012-09-21 00:00:00+00:00
441,49026,PG-13,2012-07-20 00:00:00+00:00
442,158394,,2013-04-05 00:00:00+00:00
443,158394,,2013-04-05 00:00:00+00:00
444,81005,PG-13,2013-03-01 00:00:00+00:00
445,249164,PG-13,2014-08-22 00:00:00+00:00
446,325789,R,2016-07-13 00:00:00+00:00
447,274870,PG-13,2016-12-21 00:00:00+00:00
448,274870,PG-13,2016-12-21 00:00:00+00:00
449,261023,R,2015-09-18 00:00:00+00:00
450,46252,,2010-10-07 00:00:00+00:00
451,46252,,2010-10-07 00:00:00+00:00
452,47088,R,2010-08-01 00:00:00+00:00
453,338970,PG-13,2018-06-12 00:00:00+00:00
454,333384,PG-13,2016-06-01 00:00:00+00:00
455,333384,PG-13,2016-06-01 00:00:00+00:00
456,57431,R,2011-12-09 00:00:00+00:00
457,77948,PG-13,2012-09-06 00:00:00+00:00
458,83542,R,2012-10-26 00:00:00+00:00
459,46138,R,2010-11-19 00:00:00+00:00
460,101173,R,2012-01-19 00:00:00+00:00
461,398307,,2010-10-29 00:00:00+00:00
462,398307,,2010-10-29 00:00:00+00:00
463,58431,PG-13,2016-01-21 00:00:00+00:00
464,58244,PG-13,2013-03-14 00:00:00+00:00
465,58244,PG-13,2013-03-14 00:00:00+00:00
466,27205,PG-13,2010-07-16 00:00:00+00:00
467,38365,PG-13,2010-06-24 00:00:00+00:00
468,227707,PG,2013-12-05 00:00:00+00:00
469,38050,PG-13,2011-03-04 00:00:00+00:00
470,23742,R,2010-02-26 00:00:00+00:00
471,27581,PG-13,2010-08-06 00:00:00+00:00
472,297761,PG-13,2016-08-05 00:00:00+00:00
473,64635,PG-13,2012-08-03 00:00:00+00:00
474,301337,R,2017-12-22 00:00:00+00:00
475,301337,R,2017-12-22 00:00:00+00:00
476,74465,PG,2011-12-23 00:00:00+00:00
477,335791,PG-13,2016-09-09 00:00:00+00:00
478,335791,PG-13,2016-09-09 00:00:00+00:00
479,205775,PG-13,2015-12-11 00:00:00+00:00
480,205775,PG-13,2015-12-11 00:00:00+00:00
481,171759,PG,2013-03-01 00:00:00+00:00
482,35688,PG-13,2010-04-02 00:00:00+00:00
483,70160,PG-13,2012-03-23 00:00:00+00:00
484,76341,R,2015-05-15 00:00:00+00:00
485,38579,PG,2010-06-04 00:00:00+00:00
486,146233,R,2013-08-30 00:00:00+00:00
487,346364,R,2017-09-05 00:00:00+00:00
488,346364,R,2017-09-05 00:00:00+00:00
489,82675,PG-13,2012-10-04 00:00:00+00:00
490,72545,PG,2012-02-10 00:00:00+00:00
491,277216,R,2016-01-19 00:00:00+00:00
492,277216,R,2016-01-19 00:00:00+00:00
493,38356,PG-13,2011-06-28 00:00:00+00:00
494,39013,R,2010-01-21 00:00:00+00:00
495,48138,PG-13,2011-02-18 00:00:00+00:00
496,48138,PG-13,2011-02-18 00:00:00+00:00
497,65759,PG,2011-11-17 00:00:00+00:00
498,44835,R,2010-01-22 00:00:00+00:00
499,290555,R,2014-11-14 00:00:00+00:00
500,290555,R,2014-11-14 00:00:00+00:00
501,44264,PG-13,2010-12-22 00:00:00+00:00
502,23169,PG-13,2010-03-12 00:00:00+00:00
503,23169,PG-13,2010-03-12 00:00:00+00:00
504,44944,R,2010-11-05 00:00:00+00:00
505,38093,PG,2010-05-14 00:00:00+00:00
506,54138,PG-13,2013-05-16 00:00:00+00:00
507,168530,PG-13,2014-01-17 00:00:00+00:00
508,168530,PG-13,2014-01-17 00:00:00+00:00
509,41154,PG-13,2012-05-25 00:00:00+00:00
510,41630,R,2011-01-21 00:00:00+00:00
511,87421,R,2013-09-06 00:00:00+00:00
512,67911,R,2011-09-09 00:00:00+00:00
513,45243,R,2011-05-25 00:00:00+00:00
514,50359,PG,2011-04-01 00:00:00+00:00
515,74534,PG-13,2012-05-25 00:00:00+00:00
516,353569,PG-13,2017-03-03 00:00:00+00:00
517,429351,R,2018-01-19 00:00:00+00:00
518,70871,,2011-06-07 00:00:00+00:00
519,70871,,2011-06-07 00:00:00+00:00
520,70871,,2011-06-07 00:00:00+00:00
521,70871,,2011-06-07 00:00:00+00:00
522,62255,R,2010-09-12 00:00:00+00:00
523,38303,PG,2010-09-24 00:00:00+00:00
524,35019,PG,2010-08-20 00:00:00+00:00
525,51209,R,2011-03-11 00:00:00+00:00
526,100241,PG-13,2014-01-24 00:00:00+00:00
527,43418,R,2011-06-28 00:00:00+00:00
528,39210,R,2010-12-22 00:00:00+00:00
529,81390,R,2011-04-09 00:00:00+00:00
530,46829,R,2010-04-01 00:00:00+00:00
531,46829,R,2010-04-01 00:00:00+00:00
532,44113,R,2010-10-22 00:00:00+00:00
533,34851,R,2010-07-03 00:00:00+00:00
534,175541,PG,2013-11-27 00:00:00+00:00
535,60304,R,2013-01-25 00:00:00+00:00
536,76170,PG-13,2013-07-25 00:00:00+00:00
537,51052,PG,2011-11-23 00:00:00+00:00
538,254473,PG-13,2014-04-25 00:00:00+00:00
539,78698,PG,2012-02-03 00:00:00+00:00
540,293660,R,2016-02-12 00:00:00+00:00
541,44009,PG-13,2010-12-29 00:00:00+00:00
542,41283,R,2010-11-23 00:00:00+00:00
543,79694,PG-13,2012-08-24 00:00:00+00:00
544,46195,G,2011-04-15 00:00:00+00:00
545,46195,G,2011-04-15 00:00:00+00:00
546,46195,G,2011-04-15 00:00:00+00:00
547,58151,R,2011-08-19 00:00:00+00:00
548,37950,PG-13,2010-05-01 00:00:00+00:00
549,44833,PG-13,2012-05-18 00:00:00+00:00
550,45156,PG-13,2011-02-03 00:00:00+00:00
551,49020,R,2011-06-03 00:00:00+00:00
552,27579,R,2010-09-01 00:00:00+00:00
553,50837,R,2011-01-21 00:00:00+00:00
554,97370,R,2014-04-04 00:00:00+00:00
555,97370,R,2014-04-04 00:00:00+00:00
556,121826,PG-13,2013-01-10 00:00:00+00:00
557,284689,PG-13,2015-06-04 00:00:00+00:00
558,133194,,2010-04-08 00:00:00+00:00
559,133194,,2010-04-08 00:00:00+00:00
560,133194,,2010-04-08 00:00:00+00:00
561,133194,,2010-04-08 00:00:00+00:00
562,133194,,2010-04-08 00:00:00+00:00
563,81188,PG,2012-11-21 00:00:00+00:00
564,70981,R,2012-06-08 00:00:00+00:00
565,46198,PG,2010-04-22 00:00:00+00:00
566,49021,R,2011-09-23 00:00:00+00:00
567,51162,G,2011-07-14 00:00:00+00:00
568,62211,G,2013-06-21 00:00:00+00:00
569,50014,PG-13,2011-08-10 00:00:00+00:00
570,49047,PG-13,2013-10-04 00:00:00+00:00
571,405775,R,2017-05-12 00:00:00+00:00
572,405775,R,2017-05-12 00:00:00+00:00
573,405775,R,2017-05-12 00:00:00+00:00
574,138843,R,2013-07-19 00:00:00+00:00
575,293768,R,2017-08-04 00:00:00+00:00
576,43539,PG-13,2010-11-19 00:00:00+00:00
577,167073,PG-13,2015-11-04 00:00:00+00:00
578,167073,PG-13,2015-11-04 00:00:00+00:00
579,167073,PG-13,2015-11-04 00:00:00+00:00
580,292481,PG,2014-08-18 00:00:00+00:00
581,69668,PG-13,2011-09-30 00:00:00+00:00
582,35691,PG,2010-04-09 00:00:00+00:00
583,26388,R,2010-09-24 00:00:00+00:00
584,26388,R,2010-09-24 00:00:00+00:00
585,71864,PG,2012-08-15 00:00:00+00:00
586,38322,PG-13,2011-02-18 00:00:00+00:00
587,52015,R,2010-10-01 00:00:00+00:00
588,274479,PG-13,2015-12-25 00:00:00+00:00
589,274479,PG-13,2015-12-25 00:00:00+00:00
590,274479,PG-13,2015-12-25 00:00:00+00:00
591,274479,PG-13,2015-12-25 00:00:00+00:00
592,339846,R,2017-05-26 00:00:00+00:00
593,74457,,2011-08-26 00:00:00+00:00
594,37931,R,2010-05-21 00:00:00+00:00
595,43933,R,2010-03-13 00:00:00+00:00
596,286567,PG-13,2016-10-14 00:00:00+00:00
597,286567,PG-13,2016-10-14 00:00:00+00:00
598,41439,R,2010-10-28 00:00:00+00:00
599,297802,PG-13,2019-03-05 00:00:00+00:00
600,52067,R,2011-02-11 00:00:00+00:00
601,55721,R,2011-04-28 00:00:00+00:00
602,59678,R,2011-07-29 00:00:00+00:00
603,44010,G,2010-09-10 00:00:00+00:00
604,44010,G,2010-09-10 00:00:00+00:00
605,75612,PG-13,2013-04-18 00:00:00+00:00
606,75612,PG-13,2013-04-18 00:00:00+00:00
607,40428,,2010-01-01 00:00:00+00:00
608,316029,PG,2017-12-20 00:00:00+00:00
609,316029,PG,2017-12-20 00:00:00+00:00
610,49730,PG-13,2011-03-11 00:00:00+00:00
611,45168,,2010-04-20 00:00:00+00:00
612,50601,R,2011-08-18 00:00:00+00:00
613,172391,G,2013-12-07 00:00:00+00:00
614,133931,G,2012-07-07 00:00:00+00:00
615,49520,R,2011-08-05 00:00:00+00:00
616,329440,R,2016-01-08 00:00:00+00:00
617,329440,R,2016-01-08 00:00:00+00:00
618,329440,R,2016-01-08 00:00:00+00:00
619,302699,PG-13,2016-06-17 00:00:00+00:00
620,137106,PG,2014-02-07 00:00:00+00:00
621,68812,R,2012-09-01 00:00:00+00:00
622,176069,,2012-04-22 00:00:00+00:00
623,82390,R,2012-10-05 00:00:00+00:00
624,47760,PG-13,2011-09-16 00:00:00+00:00
625,47760,PG-13,2011-09-16 00:00:00+00:00
626,47760,PG-13,2011-09-16 00:00:00+00:00
627,51540,R,2011-07-08 00:00:00+00:00
628,47327,R,2011-02-24 00:00:00+00:00
629,424139,R,2018-10-19 00:00:00+00:00
630,166424,PG-13,2015-08-07 00:00:00+00:00
631,70435,R,2011-11-06 00:00:00+00:00
632,106541,,2011-10-21 00:00:00+00:00
633,106541,,2011-10-21 00:00:00+00:00
634,106541,,2011-10-21 00:00:00+00:00
635,106541,,2011-10-21 00:00:00+00:00
636,52451,PG-13,2011-10-20 00:00:00+00:00
637,66942,PG-13,2011-08-19 00:00:00+00:00
638,45132,R,2011-03-31 00:00:00+00:00
639,45132,R,2011-03-31 00:00:00+00:00
640,58574,PG-13,2011-12-16 00:00:00+00:00
641,477577,NR,2018-08-07 00:00:00+00:00
642,477577,NR,2018-08-07 00:00:00+00:00
643,477577,NR,2018-08-07 00:00:00+00:00
644,477577,NR,2018-08-07 00:00:00+00:00
645,72710,PG-13,2013-03-29 00:00:00+00:00
646,72710,PG-13,2013-03-29 00:00:00+00:00
647,57120,PG,2010-10-08 00:00:00+00:00
648,57876,R,2015-05-15 00:00:00+00:00
649,61891,PG-13,2011-10-28 00:00:00+00:00
650,77866,R,2012-01-13 00:00:00+00:00
651,157544,R,2015-07-24 00:00:00+00:00
652,296099,R,2015-07-29 00:00:00+00:00
653,84204,,2012-01-23 00:00:00+00:00
654,147441,PG-13,2014-12-12 00:00:00+00:00
655,78394,,2010-05-14 00:00:00+00:00
656,44945,R,2011-04-01 00:00:00+00:00
657,44945,R,2011-04-01 00:00:00+00:00
658,44945,R,2011-04-01 00:00:00+00:00
659,45658,R,2011-04-27 00:00:00+00:00
660,55347,R,2011-06-17 00:00:00+00:00
661,109417,PG-13,2013-09-21 00:00:00+00:00
662,50037,R,2011-09-24 00:00:00+00:00
663,68724,R,2013-08-09 00:00:00+00:00
664,109424,PG-13,2013-10-11 00:00:00+00:00
665,82696,PG-13,2012-08-07 00:00:00+00:00
666,74536,R,2011-11-04 00:00:00+00:00
667,38541,R,2011-03-13 00:00:00+00:00
668,38541,R,2011-03-13 00:00:00+00:00
669,41436,R,2010-10-21 00:00:00+00:00
670,123553,PG-13,2013-08-21 00:00:00+00:00
671,351211,R,2016-09-16 00:00:00+00:00
672,351211,R,2016-09-16 00:00:00+00:00
673,67913,R,2011-07-29 00:00:00+00:00
674,58882,PG-13,2011-07-15 00:00:00+00:00
675,44115,R,2010-11-05 00:00:00+00:00
676,54897,PG-13,2011-02-25 00:00:00+00:00
677,73935,PG-13,2012-11-02 00:00:00+00:00
678,73935,PG-13,2012-11-02 00:00:00+00:00
679,68202,,2011-06-29 00:00:00+00:00
680,49526,PG-13,2012-08-24 00:00:00+00:00
681,55420,PG-13,2011-01-24 00:00:00+00:00
682,76640,R,2013-01-12 00:00:00+00:00
683,55720,PG-13,2011-06-24 00:00:00+00:00
684,45272,PG-13,2010-12-22 00:00:00+00:00
685,457136,R,2018-11-15 00:00:00+00:00
686,457136,R,2018-11-15 00:00:00+00:00
687,109491,PG-13,2013-02-14 00:00:00+00:00
688,68722,R,2012-09-14 00:00:00+00:00
689,68722,R,2012-09-14 00:00:00+00:00
690,47546,PG,2010-07-06 00:00:00+00:00
691,76487,R,2012-01-06 00:00:00+00:00
692,50875,R,2011-08-26 00:00:00+00:00
693,72913,,2011-08-19 00:00:00+00:00
694,51828,PG-13,2011-08-19 00:00:00+00:00
695,51828,PG-13,2011-08-19 00:00:00+00:00
696,51828,PG-13,2011-08-19 00:00:00+00:00
697,454619,PG-13,2018-05-04 00:00:00+00:00
698,62837,PG,2011-09-23 00:00:00+00:00
699,42684,PG-13,2010-11-12 00:00:00+00:00
700,96399,R,2012-06-01 00:00:00+00:00
701,49527,PG-13,2012-01-27 00:00:00+00:00
702,80468,R,2012-10-05 00:00:00+00:00
703,65754,R,2011-12-14 00:00:00+00:00
704,57212,PG-13,2011-12-25 00:00:00+00:00
705,284568,,2013-12-01 00:00:00+00:00
706,284568,,2013-12-01 00:00:00+00:00
707,284568,,2013-12-01 00:00:00+00:00
708,284568,,2013-12-01 00:00:00+00:00
709,284568,,2013-12-01 00:00:00+00:00
710,47607,NR,2010-11-12 00:00:00+00:00
711,48231,R,2011-11-23 00:00:00+00:00
712,428078,PG-13,2019-02-19 00:00:00+00:00
713,244772,R,2014-01-18 00:00:00+00:00
714,76617,R,2013-01-04 00:00:00+00:00
715,58626,R,2011-04-03 00:00:00+00:00
716,327833,R,2014-11-07 00:00:00+00:00
717,327833,R,2014-11-07 00:00:00+00:00
718,44564,PG-13,2011-01-13 00:00:00+00:00
719,82505,PG-13,2012-09-21 00:00:00+00:00
720,59861,PG-13,2011-06-30 00:00:00+00:00
721,72559,PG-13,2013-03-29 00:00:00+00:00
722,76494,PG-13,2012-05-18 00:00:00+00:00
723,45610,R,2011-09-23 00:00:00+00:00
724,102651,PG,2014-05-30 00:00:00+00:00
725,82654,PG-13,2013-02-01 00:00:00+00:00
726,82532,R,2011-09-13 00:00:00+00:00
727,399035,PG-13,2018-01-12 00:00:00+00:00
728,49018,PG-13,2011-04-01 00:00:00+00:00
729,75674,R,2012-02-24 00:00:00+00:00
730,81796,PG-13,2012-04-13 00:00:00+00:00
731,80271,PG-13,2012-05-04 00:00:00+00:00
732,58428,R,2011-12-30 00:00:00+00:00
733,276905,PG,2016-01-15 00:00:00+00:00
734,51497,PG-13,2011-04-28 00:00:00+00:00
735,43959,PG,2011-04-08 00:00:00+00:00
736,59962,PG-13,2012-02-17 00:00:00+00:00
737,318846,R,2015-11-12 00:00:00+00:00
738,65086,PG-13,2012-02-03 00:00:00+00:00
739,49830,NR,2010-03-29 00:00:00+00:00
740,54054,PG-13,2012-01-27 00:00:00+00:00
741,59961,R,2012-02-10 00:00:00+00:00
742,59965,PG-13,2011-09-23 00:00:00+00:00
743,59965,PG-13,2011-09-23 00:00:00+00:00
744,59965,PG-13,2011-09-23 00:00:00+00:00
745,59965,PG-13,2011-09-23 00:00:00+00:00
746,154400,R,2014-09-12 00:00:00+00:00
747,75174,R,2011-12-11 00:00:00+00:00
748,75174,R,2011-12-11 00:00:00+00:00
749,73873,R,2011-09-02 00:00:00+00:00
750,77987,R,2013-07-19 00:00:00+00:00
751,51588,PG,2011-04-29 00:00:00+00:00
752,71552,R,2012-04-06 00:00:00+00:00
753,298312,PG-13,2015-09-11 00:00:00+00:00
754,298312,PG-13,2015-09-11 00:00:00+00:00
755,298312,PG-13,2015-09-11 00:00:00+00:00
756,59436,PG-13,2011-05-20 00:00:00+00:00
757,47964,R,2013-02-14 00:00:00+00:00
758,72570,PG-13,2012-02-10 00:00:00+00:00
759,329833,PG-13,2016-02-12 00:00:00+00:00
760,74777,R,2011-03-03 00:00:00+00:00
761,72331,R,2012-06-22 00:00:00+00:00
762,106845,R,2015-10-16 00:00:00+00:00
763,45649,R,2010-09-01 00:00:00+00:00
764,45649,R,2010-09-01 00:00:00+00:00
765,82525,R,2012-07-06 00:00:00+00:00
766,50839,R,2011-10-21 00:00:00+00:00
767,379149,R,2017-10-13 00:00:00+00:00
768,379149,R,2017-10-13 00:00:00+00:00
769,379149,R,2017-10-13 00:00:00+00:00
770,379149,R,2017-10-13 00:00:00+00:00
771,55301,G,2011-12-16 00:00:00+00:00
772,88794,R,2011-11-09 00:00:00+00:00
773,76757,PG-13,2015-02-27 00:00:00+00:00
774,274854,PG-13,2015-10-23 00:00:00+00:00
775,274854,PG-13,2015-10-23 00:00:00+00:00
776,376866,R,2016-10-13 00:00:00+00:00
777,376866,R,2016-10-13 00:00:00+00:00
778,376866,R,2016-10-13 00:00:00+00:00
779,407451,PG,2018-03-09 00:00:00+00:00
780,332979,R,2016-11-18 00:00:00+00:00
781,332979,R,2016-11-18 00:00:00+00:00
782,175574,PG,2013-11-01 00:00:00+00:00
783,67660,PG-13,2012-04-20 00:00:00+00:00
784,62206,R,2011-08-12 00:00:00+00:00
785,55779,R,2011-08-12 00:00:00+00:00
786,126962,,2012-10-31 00:00:00+00:00
787,68728,PG,2013-03-08 00:00:00+00:00
788,77174,PG,2012-08-17 00:00:00+00:00
789,115210,R,2012-10-05 00:00:00+00:00
790,115210,R,2012-10-05 00:00:00+00:00
791,115210,R,2012-10-05 00:00:00+00:00
792,57157,R,2011-12-16 00:00:00+00:00
793,47933,PG-13,2016-06-24 00:00:00+00:00
794,68818,R,2011-10-07 00:00:00+00:00
795,82684,PG,2012-10-26 00:00:00+00:00
796,72213,PG-13,2011-09-30 00:00:00+00:00
797,98568,R,2011-10-22 00:00:00+00:00
798,98568,R,2011-10-22 00:00:00+00:00
799,137113,PG-13,2014-06-06 00:00:00+00:00
800,312221,PG-13,2015-11-25 00:00:00+00:00
801,312221,PG-13,2015-11-25 00:00:00+00:00
802,312221,PG-13,2015-11-25 00:00:00+00:00
803,312221,PG-13,2015-11-25 00:00:00+00:00
804,312221,PG-13,2015-11-25 00:00:00+00:00
805,312221,PG-13,2015-11-25 00:00:00+00:00
806,50544,R,2011-07-21 00:00:00+00:00
807,65055,PG-13,2011-09-02 00:00:00+00:00
808,58233,PG,2011-10-21 00:00:00+00:00
809,57214,R,2012-03-02 00:00:00+00:00
810,49530,PG-13,2011-10-28 00:00:00+00:00
811,59968,R,2011-08-26 00:00:00+00:00
812,72105,R,2012-06-29 00:00:00+00:00
813,49010,NR,2011-05-06 00:00:00+00:00
814,57119,PG-13,2011-05-06 00:00:00+00:00
815,70877,PG-13,2011-09-27 00:00:00+00:00
816,70877,PG-13,2011-09-27 00:00:00+00:00
817,70877,PG-13,2011-09-27 00:00:00+00:00
818,70877,PG-13,2011-09-27 00:00:00+00:00
819,85435,,2011-10-14 00:00:00+00:00
820,77934,PG,2010-11-28 00:00:00+00:00
821,107315,R,2011-10-22 00:00:00+00:00
822,64678,PG-13,2011-06-17 00:00:00+00:00
823,44639,PG-13,2010-10-08 00:00:00+00:00
824,76493,R,2012-05-16 00:00:00+00:00
825,82702,PG,2014-06-13 00:00:00+00:00
826,57165,PG-13,2012-03-29 00:00:00+00:00
827,198185,PG,2014-05-16 00:00:00+00:00
828,87826,PG,2012-10-12 00:00:00+00:00
829,353491,PG-13,2017-08-04 00:00:00+00:00
830,60307,PG,2011-03-25 00:00:00+00:00
831,37686,PG-13,2011-06-09 00:00:00+00:00
832,59859,R,2013-08-16 00:00:00+00:00
833,98557,,2012-02-03 00:00:00+00:00
834,75900,PG-13,2011-10-09 00:00:00+00:00
835,293863,PG-13,2015-04-24 00:00:00+00:00
836,74643,PG-13,2011-10-14 00:00:00+00:00
837,74643,PG-13,2011-10-14 00:00:00+00:00
838,50647,R,2012-02-24 00:00:00+00:00
839,127493,R,2012-09-14 00:00:00+00:00
840,127493,R,2012-09-14 00:00:00+00:00
841,72387,R,2012-04-16 00:00:00+00:00
842,72387,R,2012-04-16 00:00:00+00:00
843,369524,R,2016-11-11 00:00:00+00:00
844,369524,R,2016-11-11 00:00:00+00:00
845,369524,R,2016-11-11 00:00:00+00:00
846,369524,R,2016-11-11 00:00:00+00:00
847,62835,PG-13,2011-08-26 00:00:00+00:00
848,306745,PG-13,2015-10-02 00:00:00+00:00
849,84892,PG-13,2012-09-10 00:00:00+00:00
850,150689,PG,2015-03-13 00:00:00+00:00
851,64807,PG-13,2013-12-25 00:00:00+00:00
852,82679,PG-13,2012-10-26 00:00:00+00:00
853,281957,R,2015-12-25 00:00:00+00:00
854,281957,R,2015-12-25 00:00:00+00:00
855,281957,R,2015-12-25 00:00:00+00:00
856,281957,R,2015-12-25 00:00:00+00:00
857,76706,,2010-12-04 00:00:00+00:00
858,68726,PG-13,2013-07-12 00:00:00+00:00
859,402529,R,2017-06-16 00:00:00+00:00
860,40264,PG-13,2010-08-18 00:00:00+00:00
861,82533,PG-13,2012-04-06 00:00:00+00:00
862,97614,R,2012-12-07 00:00:00+00:00
863,62764,PG,2012-03-30 00:00:00+00:00
864,57800,PG,2012-07-13 00:00:00+00:00
865,176124,PG-13,2013-04-19 00:00:00+00:00
866,176124,PG-13,2013-04-19 00:00:00+00:00
867,75656,PG-13,2013-05-31 00:00:00+00:00
868,75656,PG-13,2013-05-31 00:00:00+00:00
869,110146,PG-13,2013-03-22 00:00:00+00:00
870,188222,R,2015-06-03 00:00:00+00:00
871,70578,R,2011-10-14 00:00:00+00:00
872,64720,R,2011-01-24 00:00:00+00:00
873,356841,,2015-07-03 00:00:00+00:00
874,356841,,2015-07-03 00:00:00+00:00
875,333339,PG-13,2018-03-29 00:00:00+00:00
876,136799,PG,2016-11-04 00:00:00+00:00
877,136799,PG,2016-11-04 00:00:00+00:00
878,357834,,2015-08-07 00:00:00+00:00
879,86825,R,2013-01-20 00:00:00+00:00
880,73963,R,2011-09-09 00:00:00+00:00
881,73963,R,2011-09-09 00:00:00+00:00
882,93456,PG,2013-07-03 00:00:00+00:00
883,135446,,2010-10-31 00:00:00+00:00
884,135446,,2010-10-31 00:00:00+00:00
885,135446,,2010-10-31 00:00:00+00:00
886,397837,PG-13,2017-01-21 00:00:00+00:00
887,89857,R,2012-03-06 00:00:00+00:00
888,72113,R,2011-12-16 00:00:00+00:00
889,82687,PG-13,2012-12-19 00:00:00+00:00
890,244316,R,2015-08-04 00:00:00+00:00
891,42889,R,2010-09-24 00:00:00+00:00
892,218778,PG,2014-10-10 00:00:00+00:00
893,195051,,2013-05-14 00:00:00+00:00
894,195051,,2013-05-14 00:00:00+00:00
895,195051,,2013-05-14 00:00:00+00:00
896,195051,,2013-05-14 00:00:00+00:00
897,72359,PG-13,2013-05-09 00:00:00+00:00
898,223702,R,2016-11-07 00:00:00+00:00
899,112949,PG-13,2013-02-14 00:00:00+00:00
900,54518,G,2011-02-11 00:00:00+00:00
901,50698,R,2011-09-09 00:00:00+00:00
902,267192,PG-13,2016-06-10 00:00:00+00:00
903,267192,PG-13,2016-06-10 00:00:00+00:00
904,92591,PG-13,2012-04-27 00:00:00+00:00
905,92591,PG-13,2012-04-27 00:00:00+00:00
906,76726,PG-13,2012-02-02 00:00:00+00:00
907,190847,PG-13,2013-12-06 00:00:00+00:00
908,63574,PG-13,2012-01-13 00:00:00+00:00
909,384682,R,2016-12-09 00:00:00+00:00
910,94348,PG-13,2012-10-18 00:00:00+00:00
911,146198,R,2016-02-16 00:00:00+00:00
912,157386,R,2013-01-18 00:00:00+00:00
913,79120,,2011-09-22 00:00:00+00:00
914,79120,,2011-09-22 00:00:00+00:00
915,79120,,2011-09-22 00:00:00+00:00
916,481866,NR,2017-10-17 00:00:00+00:00
917,481866,NR,2017-10-17 00:00:00+00:00
918,481866,NR,2017-10-17 00:00:00+00:00
919,481866,NR,2017-10-17 00:00:00+00:00
920,481866,NR,2017-10-17 00:00:00+00:00
921,228550,,2011-03-27 00:00:00+00:00
922,98548,PG-13,2012-06-29 00:00:00+00:00
923,98548,PG-13,2012-06-29 00:00:00+00:00
924,60422,R,2011-11-18 00:00:00+00:00
925,83860,PG-13,2011-10-30 00:00:00+00:00
926,138832,R,2013-08-07 00:00:00+00:00
927,76025,NC-17,2011-10-07 00:00:00+00:00
928,91070,R,2011-06-18 00:00:00+00:00
929,204922,R,2014-10-31 00:00:00+00:00
930,73567,R,2012-07-27 00:00:00+00:00
931,147773,"PG-13,NR",2013-01-21 00:00:00+00:00
932,273477,R,2015-10-30 00:00:00+00:00
933,424694,PG-13,2018-11-02 00:00:00+00:00
934,231384,,2011-03-10 00:00:00+00:00
935,231384,,2011-03-10 00:00:00+00:00
936,231384,,2011-03-10 00:00:00+00:00
937,231384,,2011-03-10 00:00:00+00:00
938,89325,PG-13,2012-04-20 00:00:00+00:00
939,80274,PG-13,2013-10-28 00:00:00+00:00
940,104755,R,2013-04-19 00:00:00+00:00
941,96599,R,2012-03-11 00:00:00+00:00
942,96599,R,2012-03-11 00:00:00+00:00
943,96599,R,2012-03-11 00:00:00+00:00
944,96599,R,2012-03-11 00:00:00+00:00
945,96599,R,2012-03-11 00:00:00+00:00
946,96599,R,2012-03-11 00:00:00+00:00
947,58595,PG-13,2012-06-01 00:00:00+00:00
948,334130,,2013-11-03 00:00:00+00:00
949,290751,PG-13,2015-11-20 00:00:00+00:00
950,290751,PG-13,2015-11-20 00:00:00+00:00
951,209451,R,2014-06-20 00:00:00+00:00
952,144336,R,2014-03-28 00:00:00+00:00
953,84355,R,2012-06-14 00:00:00+00:00
954,70868,PG-13,2011-09-16 00:00:00+00:00
955,190955,R,2014-03-21 00:00:00+00:00
956,83666,PG-13,2012-05-25 00:00:00+00:00
957,75638,R,2012-07-12 00:00:00+00:00
958,86812,R,2011-01-22 00:00:00+00:00
959,134597,R,2012-09-21 00:00:00+00:00
960,188652,NR,2013-04-26 00:00:00+00:00
961,78381,R,2012-08-10 00:00:00+00:00
962,98369,PG-13,2012-04-13 00:00:00+00:00
963,60420,PG-13,2011-01-22 00:00:00+00:00
964,129139,R,2013-07-26 00:00:00+00:00
965,372343,R,2017-10-20 00:00:00+00:00
966,84199,PG-13,2012-10-19 00:00:00+00:00
967,60599,R,2012-09-14 00:00:00+00:00
968,64689,R,2012-11-30 00:00:00+00:00
969,322194,,2015-03-10 00:00:00+00:00
970,322194,,2015-03-10 00:00:00+00:00
971,76163,R,2012-08-17 00:00:00+00:00
972,92182,R,2011-01-21 00:00:00+00:00
973,100046,PG-13,2012-04-27 00:00:00+00:00
974,50357,PG-13,2011-09-02 00:00:00+00:00
975,309919,,2015-08-21 00:00:00+00:00
976,256924,R,2015-03-20 00:00:00+00:00
977,455240,,2011-12-07 00:00:00+00:00
978,455240,,2011-12-07 00:00:00+00:00
979,455240,,2011-12-07 00:00:00+00:00
980,455240,,2011-12-07 00:00:00+00:00
981,455240,,2011-12-07 00:00:00+00:00
982,455240,,2011-12-07 00:00:00+00:00
983,455240,,2011-12-07 00:00:00+00:00
984,455240,,2011-12-07 00:00:00+00:00
985,82690,PG,2012-11-02 00:00:00+00:00
986,197583,PG-13,2014-03-21 00:00:00+00:00
987,72571,R,2011-10-21 00:00:00+00:00
988,96724,R,2012-11-16 00:00:00+00:00
989,407874,R,2011-01-01 00:00:00+00:00
990,184341,R,2016-08-26 00:00:00+00:00
991,192141,R,2015-08-26 00:00:00+00:00
992,51017,PG-13,2011-04-22 00:00:00+00:00
993,74725,R,2011-03-12 00:00:00+00:00
994,166426,PG-13,2017-10-03 00:00:00+00:00
995,198663,PG-13,2014-09-19 00:00:00+00:00
996,97630,R,2012-12-19 00:00:00+00:00
997,77953,R,2012-08-10 00:00:00+00:00
998,77953,R,2012-08-10 00:00:00+00:00
999,171274,R,2015-01-09 00:00:00+00:00
1000,171274,R,2015-01-09 00:00:00+00:00
1001,252512,R,2014-09-28 00:00:00+00:00
1002,252512,R,2014-09-28 00:00:00+00:00
1003,94352,PG,2012-12-21 00:00:00+00:00
1004,244403,R,2014-10-17 00:00:00+00:00
1005,158895,R,2013-01-20 00:00:00+00:00
1006,307081,R,2015-07-24 00:00:00+00:00
1007,152601,R,2014-01-10 00:00:00+00:00
1008,152601,R,2014-01-10 00:00:00+00:00
1009,168672,R,2014-03-18 00:00:00+00:00
1010,168672,R,2014-03-18 00:00:00+00:00
1011,225565,R,2014-01-31 00:00:00+00:00
1012,85446,PG-13,2012-07-27 00:00:00+00:00
1013,339103,R,2018-09-25 00:00:00+00:00
1014,132232,PG-13,2013-01-18 00:00:00+00:00
1015,132232,PG-13,2013-01-18 00:00:00+00:00
1016,132232,PG-13,2013-01-18 00:00:00+00:00
1017,132232,PG-13,2013-01-18 00:00:00+00:00
1018,132232,PG-13,2013-01-18 00:00:00+00:00
1019,235260,PG-13,2014-02-28 00:00:00+00:00
1020,235260,PG-13,2014-02-28 00:00:00+00:00
1021,227306,PG-13,2014-12-25 00:00:00+00:00
1022,256962,PG-13,2015-04-23 00:00:00+00:00
1023,144340,PG-13,2013-03-22 00:00:00+00:00
1024,82700,PG-13,2013-05-31 00:00:00+00:00
1025,97367,R,2013-03-27 00:00:00+00:00
1026,218784,R,2016-02-09 00:00:00+00:00
1027,218784,R,2016-02-09 00:00:00+00:00
1028,129670,R,2013-11-15 00:00:00+00:00
1029,227783,PG,2014-01-17 00:00:00+00:00
1030,146216,PG-13,2013-07-19 00:00:00+00:00
1031,136466,NR,2012-10-05 00:00:00+00:00
1032,136466,NR,2012-10-05 00:00:00+00:00
1033,56761,,2011-02-07 00:00:00+00:00
1034,196867,PG,2014-12-19 00:00:00+00:00
1035,198184,R,2015-03-06 00:00:00+00:00
1036,86841,,2011-01-18 00:00:00+00:00
1037,222899,R,2014-02-14 00:00:00+00:00
1038,399796,PG-13,2018-07-24 00:00:00+00:00
1039,399796,PG-13,2018-07-24 00:00:00+00:00
1040,85207,NR,2013-02-26 00:00:00+00:00
1041,284536,R,2014-12-25 00:00:00+00:00
1042,284536,R,2014-12-25 00:00:00+00:00
1043,284536,R,2014-12-25 00:00:00+00:00
1044,284536,R,2014-12-25 00:00:00+00:00
1045,86304,NR,2013-01-04 00:00:00+00:00
1046,157843,,2016-03-01 00:00:00+00:00
1047,162903,R,2013-10-18 00:00:00+00:00
1048,101179,NR,2012-08-06 00:00:00+00:00
1049,101179,NR,2012-08-06 00:00:00+00:00
1050,101179,NR,2012-08-06 00:00:00+00:00
1051,101179,NR,2012-08-06 00:00:00+00:00
1052,214086,PG-13,2014-03-07 00:00:00+00:00
1053,157350,PG-13,2014-03-21 00:00:00+00:00
1054,83686,PG-13,2012-09-07 00:00:00+00:00
1055,234212,R,2015-03-28 00:00:00+00:00
1056,234212,R,2015-03-28 00:00:00+00:00
1057,100402,PG-13,2014-04-04 00:00:00+00:00
1058,121676,R,2013-02-22 00:00:00+00:00
1059,91926,NR,2011-10-15 00:00:00+00:00
1060,91926,NR,2011-10-15 00:00:00+00:00
1061,513667,,2017-10-14 00:00:00+00:00
1062,266294,R,2015-12-18 00:00:00+00:00
1063,68718,R,2012-12-25 00:00:00+00:00
1064,83899,R,2013-08-23 00:00:00+00:00
1065,76285,PG,2013-08-07 00:00:00+00:00
1066,114635,NR,2013-08-16 00:00:00+00:00
1067,77016,R,2012-09-21 00:00:00+00:00
1068,71679,R,2012-09-14 00:00:00+00:00
1069,79940,R,2012-03-02 00:00:00+00:00
1070,335984,R,2017-10-06 00:00:00+00:00
1071,335984,R,2017-10-06 00:00:00+00:00
1072,81836,R,2012-06-22 00:00:00+00:00
1073,291870,R,2016-01-22 00:00:00+00:00
1074,77950,PG,2013-07-19 00:00:00+00:00
1075,296524,PG-13,2016-09-30 00:00:00+00:00
1076,296524,PG-13,2016-09-30 00:00:00+00:00
1077,193603,,2012-10-13 00:00:00+00:00
1078,84332,R,2012-06-08 00:00:00+00:00
1079,139715,R,2012-04-27 00:00:00+00:00
1080,113947,R,2012-10-18 00:00:00+00:00
1081,323677,PG-13,2016-02-19 00:00:00+00:00
1082,323677,PG-13,2016-02-19 00:00:00+00:00
1083,84197,R,2013-04-19 00:00:00+00:00
1084,300153,R,2015-12-04 00:00:00+00:00
1085,300153,R,2015-12-04 00:00:00+00:00
1086,300153,R,2015-12-04 00:00:00+00:00
1087,87499,PG-13,2013-05-31 00:00:00+00:00
1088,82631,PG,2012-09-28 00:00:00+00:00
1089,82631,PG,2012-09-28 00:00:00+00:00
1090,102382,PG-13,2014-05-02 00:00:00+00:00
1091,205587,R,2014-10-10 00:00:00+00:00
1092,205587,R,2014-10-10 00:00:00+00:00
1093,139998,NR,2012-01-23 00:00:00+00:00
1094,43044,,2010-09-07 00:00:00+00:00
1095,127585,PG-13,2014-05-23 00:00:00+00:00
1096,257345,PG-13,2016-05-13 00:00:00+00:00
1097,376660,R,2016-11-18 00:00:00+00:00
1098,376660,R,2016-11-18 00:00:00+00:00
1099,72766,,2011-12-26 00:00:00+00:00
1100,287424,PG-13,2015-05-08 00:00:00+00:00
1101,287424,PG-13,2015-05-08 00:00:00+00:00
1102,298460,,2011-01-01 00:00:00+00:00
1103,298460,,2011-01-01 00:00:00+00:00
1104,117942,,2012-03-28 00:00:00+00:00
1105,314365,R,2015-11-06 00:00:00+00:00
1106,314365,R,2015-11-06 00:00:00+00:00
1107,314365,R,2015-11-06 00:00:00+00:00
1108,314365,R,2015-11-06 00:00:00+00:00
1109,119283,R,2013-01-25 00:00:00+00:00
1110,112456,PG-13,2012-06-01 00:00:00+00:00
1111,87502,R,2012-11-02 00:00:00+00:00
1112,158011,R,2013-03-14 00:00:00+00:00
1113,158011,R,2013-03-14 00:00:00+00:00
1114,270946,PG,2014-11-26 00:00:00+00:00
1115,77930,R,2012-06-29 00:00:00+00:00
1116,84174,R,2012-09-06 00:00:00+00:00
1117,76649,PG-13,2014-02-21 00:00:00+00:00
1118,192210,,2013-05-21 00:00:00+00:00
1119,152259,R,2013-03-01 00:00:00+00:00
1120,152259,R,2013-03-01 00:00:00+00:00
1121,152259,R,2013-03-01 00:00:00+00:00
1122,152259,R,2013-03-01 00:00:00+00:00
1123,288250,,2011-05-03 00:00:00+00:00
1124,84178,R,2012-01-21 00:00:00+00:00
1125,87567,R,2013-04-25 00:00:00+00:00
1126,86838,R,2012-10-12 00:00:00+00:00
1127,103731,PG-13,2013-05-10 00:00:00+00:00
1128,127867,R,2013-04-05 00:00:00+00:00
1129,133805,R,2013-10-18 00:00:00+00:00
1130,80215,NR,2012-05-18 00:00:00+00:00
1131,157422,R,2015-10-16 00:00:00+00:00
1132,151693,,2012-01-07 00:00:00+00:00
1133,151693,,2012-01-07 00:00:00+00:00
1134,198277,R,2014-07-11 00:00:00+00:00
1135,198277,R,2014-07-11 00:00:00+00:00
1136,226458,,2015-03-26 00:00:00+00:00
1137,242166,PG-13,2014-03-12 00:00:00+00:00
1138,242166,PG-13,2014-03-12 00:00:00+00:00
1139,340190,R,2015-05-22 00:00:00+00:00
1140,152599,R,2013-10-06 00:00:00+00:00
1141,101299,PG-13,2013-11-22 00:00:00+00:00
1142,131631,PG-13,2014-11-21 00:00:00+00:00
1143,131634,PG-13,2015-11-20 00:00:00+00:00
1144,131634,PG-13,2015-11-20 00:00:00+00:00
1145,225886,R,2014-07-18 00:00:00+00:00
1146,308467,NC-17,2013-03-01 00:00:00+00:00
1147,215908,,2013-09-09 00:00:00+00:00
1148,215908,,2013-09-09 00:00:00+00:00
1149,415842,R,2017-09-06 00:00:00+00:00
1150,345914,R,2017-06-30 00:00:00+00:00
1151,345914,R,2017-06-30 00:00:00+00:00
1152,158852,PG,2015-05-09 00:00:00+00:00
1153,158852,PG,2015-05-09 00:00:00+00:00
1154,354861,R,2017-12-22 00:00:00+00:00
1155,354861,R,2017-12-22 00:00:00+00:00
1156,354861,R,2017-12-22 00:00:00+00:00
1157,354861,R,2017-12-22 00:00:00+00:00
1158,130150,PG-13,2013-08-30 00:00:00+00:00
1159,438568,NR,2015-05-04 00:00:00+00:00
1160,438568,NR,2015-05-04 00:00:00+00:00
1161,84188,R,2012-01-21 00:00:00+00:00
1162,157849,R,2014-07-25 00:00:00+00:00
1163,274857,PG-13,2017-08-08 00:00:00+00:00
1164,239571,PG-13,2014-10-17 00:00:00+00:00
1165,301365,R,2016-06-24 00:00:00+00:00
1166,228066,PG-13,2015-11-25 00:00:00+00:00
1167,228066,PG-13,2015-11-25 00:00:00+00:00
1168,96721,R,2013-09-27 00:00:00+00:00
1169,96721,R,2013-09-27 00:00:00+00:00
1170,96721,R,2013-09-27 00:00:00+00:00
1171,105864,PG,2015-11-25 00:00:00+00:00
1172,105864,PG,2015-11-25 00:00:00+00:00
1173,134374,R,2013-04-26 00:00:00+00:00
1174,157841,G,2014-10-26 00:00:00+00:00
1175,76338,PG-13,2013-11-08 00:00:00+00:00
1176,274855,PG-13,2018-01-02 00:00:00+00:00
1177,274855,PG-13,2018-01-02 00:00:00+00:00
1178,114150,PG-13,2012-09-28 00:00:00+00:00
1179,109451,PG,2013-09-27 00:00:00+00:00
1180,440472,PG-13,2019-05-14 00:00:00+00:00
1181,84329,PG-13,2012-01-20 00:00:00+00:00
1182,325123,,2015-03-10 00:00:00+00:00
1183,93856,R,2012-05-25 00:00:00+00:00
1184,74510,R,2011-09-09 00:00:00+00:00
1185,429476,R,2018-09-28 00:00:00+00:00
1186,106747,R,2013-10-11 00:00:00+00:00
1187,195589,R,2014-03-08 00:00:00+00:00
1188,195589,R,2014-03-08 00:00:00+00:00
1189,308266,R,2016-08-19 00:00:00+00:00
1190,199373,R,2013-08-23 00:00:00+00:00
1191,293646,PG-13,2015-10-24 00:00:00+00:00
1192,228406,PG,2013-09-27 00:00:00+00:00
1193,228406,PG,2013-09-27 00:00:00+00:00
1194,136835,PG-13,2014-09-12 00:00:00+00:00
1195,207769,R,2013-11-06 00:00:00+00:00
1196,118340,PG-13,2014-08-01 00:00:00+00:00
1197,323967,,2015-03-13 00:00:00+00:00
1198,323967,,2015-03-13 00:00:00+00:00
1199,77931,PG,2013-07-31 00:00:00+00:00
1200,137347,R,2015-04-17 00:00:00+00:00
1201,82650,PG,2012-08-03 00:00:00+00:00
1202,109431,R,2013-02-09 00:00:00+00:00
1203,240913,,2013-11-29 00:00:00+00:00
1204,153795,R,2013-03-19 00:00:00+00:00
1205,76203,R,2013-10-30 00:00:00+00:00
1206,300673,PG-13,2016-01-29 00:00:00+00:00
1207,121677,R,2013-03-17 00:00:00+00:00
1208,340945,,2017-01-24 00:00:00+00:00
1209,146203,PG-13,2013-03-01 00:00:00+00:00
1210,311324,PG-13,2017-02-17 00:00:00+00:00
1211,311324,PG-13,2017-02-17 00:00:00+00:00
1212,89750,PG,2012-04-21 00:00:00+00:00
1213,400710,PG-13,2017-09-29 00:00:00+00:00
1214,86829,R,2013-12-10 00:00:00+00:00
1215,342502,R,2015-08-07 00:00:00+00:00
1216,263503,,2014-05-02 00:00:00+00:00
1217,109421,R,2013-02-08 00:00:00+00:00
1218,333352,R,2016-01-07 00:00:00+00:00
1219,127560,R,2014-04-11 00:00:00+00:00
1220,257088,PG-13,2015-12-25 00:00:00+00:00
1221,155084,R,2014-04-18 00:00:00+00:00
1222,253272,,2014-03-10 00:00:00+00:00
1223,253272,,2014-03-10 00:00:00+00:00
1224,253272,,2014-03-10 00:00:00+00:00
1225,196830,NR,2013-07-26 00:00:00+00:00
1226,196830,NR,2013-07-26 00:00:00+00:00
1227,196830,NR,2013-07-26 00:00:00+00:00
1228,196830,NR,2013-07-26 00:00:00+00:00
1229,321697,R,2015-09-05 00:00:00+00:00
1230,321697,R,2015-09-05 00:00:00+00:00
1231,146304,R,2013-11-15 00:00:00+00:00
1232,87825,PG-13,2012-09-21 00:00:00+00:00
1233,205596,PG-13,2014-12-19 00:00:00+00:00
1234,164286,NR,2014-02-14 00:00:00+00:00
1235,268531,PG,2017-08-29 00:00:00+00:00
1236,133694,R,2012-12-28 00:00:00+00:00
1237,215211,PG-13,2014-06-06 00:00:00+00:00
1238,100042,PG-13,2014-11-14 00:00:00+00:00
1239,228203,PG,2015-02-20 00:00:00+00:00
1240,125490,NR,2013-04-12 00:00:00+00:00
1241,102362,R,2013-03-08 00:00:00+00:00
1242,122081,R,2013-03-15 00:00:00+00:00
1243,226486,R,2014-07-03 00:00:00+00:00
1244,119450,PG-13,2014-07-11 00:00:00+00:00
1245,216282,PG-13,2014-08-08 00:00:00+00:00
1246,82990,R,2012-10-19 00:00:00+00:00
1247,91314,PG-13,2014-06-27 00:00:00+00:00
1248,325579,,2015-01-01 00:00:00+00:00
1249,256687,R,2014-04-20 00:00:00+00:00
1250,268171,PG-13,2014-03-07 00:00:00+00:00
1251,293970,PG-13,2015-03-13 00:00:00+00:00
1252,293970,PG-13,2015-03-13 00:00:00+00:00
1253,324786,R,2016-11-04 00:00:00+00:00
1254,324786,R,2016-11-04 00:00:00+00:00
1255,136921,,2010-04-01 00:00:00+00:00
1256,399360,PG-13,2018-08-17 00:00:00+00:00
1257,399360,PG-13,2018-08-17 00:00:00+00:00
1258,399360,PG-13,2018-08-17 00:00:00+00:00
1259,427900,PG-13,2017-09-08 00:00:00+00:00
1260,427900,PG-13,2017-09-08 00:00:00+00:00
1261,230015,PG,2013-04-06 00:00:00+00:00
1262,84175,PG-13,2012-06-29 00:00:00+00:00
1263,195590,PG-13,2017-02-24 00:00:00+00:00
1264,254128,PG-13,2015-05-29 00:00:00+00:00
1265,503616,PG-13,2018-12-21 00:00:00+00:00
1266,477331,,2017-09-03 00:00:00+00:00
1267,174751,R,2016-01-29 00:00:00+00:00
1268,140823,PG-13,2013-12-20 00:00:00+00:00
1269,302946,R,2016-10-14 00:00:00+00:00
1270,302946,R,2016-10-14 00:00:00+00:00
1271,286554,R,2014-09-26 00:00:00+00:00
1272,312113,PG-13,2012-12-07 00:00:00+00:00
1273,92635,,2012-03-16 00:00:00+00:00
1274,285783,PG,2015-10-02 00:00:00+00:00
1275,285783,PG,2015-10-02 00:00:00+00:00
1276,287524,R,2014-10-31 00:00:00+00:00
1277,147767,NR,2012-12-07 00:00:00+00:00
1278,146227,PG-13,2013-08-29 00:00:00+00:00
1279,209403,R,2014-03-14 00:00:00+00:00
1280,227159,R,2014-11-26 00:00:00+00:00
1281,239563,PG-13,2014-10-31 00:00:00+00:00
1282,192102,PG-13,2014-02-14 00:00:00+00:00
1283,257238,,2014-08-15 00:00:00+00:00
1284,152760,PG-13,2014-02-07 00:00:00+00:00
1285,190859,R,2015-01-16 00:00:00+00:00
1286,190859,R,2015-01-16 00:00:00+00:00
1287,137955,,2012-01-01 00:00:00+00:00
1288,224141,PG,2014-12-25 00:00:00+00:00
1289,174362,,2013-04-20 00:00:00+00:00
1290,244783,PG-13,2014-01-20 00:00:00+00:00
1291,244783,PG-13,2014-01-20 00:00:00+00:00
1292,238603,PG,2014-07-02 00:00:00+00:00
1293,158015,R,2013-06-06 00:00:00+00:00
1294,158752,NR,2013-10-11 00:00:00+00:00
1295,109418,PG-13,2013-07-12 00:00:00+00:00
1296,109091,R,2013-10-25 00:00:00+00:00
1297,122906,R,2013-11-08 00:00:00+00:00
1298,241554,R,2015-03-13 00:00:00+00:00
1299,274278,NR,2012-06-09 00:00:00+00:00
1300,274278,NR,2012-06-09 00:00:00+00:00
1301,52505,R,2011-02-04 00:00:00+00:00
1302,235271,R,2014-10-10 00:00:00+00:00
1303,132344,R,2013-01-20 00:00:00+00:00
1304,143942,R,2012-09-09 00:00:00+00:00
1305,143942,R,2012-09-09 00:00:00+00:00
1306,143942,R,2012-09-09 00:00:00+00:00
1307,281778,NR,2012-08-29 00:00:00+00:00
1308,281778,NR,2012-08-29 00:00:00+00:00
1309,281778,NR,2012-08-29 00:00:00+00:00
1310,101267,PG,2012-07-05 00:00:00+00:00
1311,200505,PG-13,2014-04-11 00:00:00+00:00
1312,237303,,2013-11-22 00:00:00+00:00
1313,237303,,2013-11-22 00:00:00+00:00
1314,237303,,2013-11-22 00:00:00+00:00
1315,237303,,2013-11-22 00:00:00+00:00
1316,237303,,2013-11-22 00:00:00+00:00
1317,278927,PG,2016-04-15 00:00:00+00:00
1318,278927,PG,2016-04-15 00:00:00+00:00
1319,135478,,2011-10-31 00:00:00+00:00
1320,176077,,2013-03-11 00:00:00+00:00
1321,138697,R,2013-09-27 00:00:00+00:00
1322,294105,,2013-01-01 00:00:00+00:00
1323,427641,PG-13,2018-06-26 00:00:00+00:00
1324,425505,PG-13,2018-08-31 00:00:00+00:00
1325,425505,PG-13,2018-08-31 00:00:00+00:00
1326,198062,NR,2013-07-09 00:00:00+00:00
1327,116741,PG-13,2013-06-07 00:00:00+00:00
1328,114750,R,2014-01-18 00:00:00+00:00
1329,339964,PG-13,2017-07-21 00:00:00+00:00
1330,184098,PG-13,2014-06-20 00:00:00+00:00
1331,303858,R,2016-05-13 00:00:00+00:00
1332,218043,PG-13,2014-10-03 00:00:00+00:00
1333,218043,PG-13,2014-10-03 00:00:00+00:00
1334,139038,R,2013-01-11 00:00:00+00:00
1335,177572,PG,2014-11-07 00:00:00+00:00
1336,177572,PG,2014-11-07 00:00:00+00:00
1337,253261,,2014-03-08 00:00:00+00:00
1338,232679,PG,2014-08-22 00:00:00+00:00
1339,370048,,2016-05-12 00:00:00+00:00
1340,315635,PG-13,2017-07-07 00:00:00+00:00
1341,342473,PG,2017-08-25 00:00:00+00:00
1342,342473,PG,2017-08-25 00:00:00+00:00
1343,342473,PG,2017-08-25 00:00:00+00:00
1344,342473,PG,2017-08-25 00:00:00+00:00
1345,228326,PG,2014-10-17 00:00:00+00:00
1346,228326,PG,2014-10-17 00:00:00+00:00
1347,278348,NR,2013-10-12 00:00:00+00:00
1348,278348,NR,2013-10-12 00:00:00+00:00
1349,172533,R,2013-08-23 00:00:00+00:00
1350,140300,PG,2016-06-28 00:00:00+00:00
1351,210577,R,2014-09-26 00:00:00+00:00
1352,264999,R,2015-07-01 00:00:00+00:00
1353,354110,R,2016-02-19 00:00:00+00:00
1354,354110,R,2016-02-19 00:00:00+00:00
1355,354110,R,2016-02-19 00:00:00+00:00
1356,354110,R,2016-02-19 00:00:00+00:00
1357,378029,,2013-05-05 00:00:00+00:00
1358,378029,,2013-05-05 00:00:00+00:00
1359,378029,,2013-05-05 00:00:00+00:00
1360,127380,PG,2016-06-17 00:00:00+00:00
1361,120467,R,2014-03-07 00:00:00+00:00
1362,333348,PG-13,2015-11-13 00:00:00+00:00
1363,228165,PG,2015-02-06 00:00:00+00:00
1364,145220,PG,2014-03-21 00:00:00+00:00
1365,353486,PG-13,2017-12-20 00:00:00+00:00
1366,353486,PG-13,2017-12-20 00:00:00+00:00
1367,109729,R,2013-07-29 00:00:00+00:00
1368,211672,PG,2015-07-10 00:00:00+00:00
1369,187017,R,2014-06-04 00:00:00+00:00
1370,250902,NR,2014-01-24 00:00:00+00:00
1371,250902,NR,2014-01-24 00:00:00+00:00
1372,270938,R,2014-09-05 00:00:00+00:00
1373,156965,R,2013-04-04 00:00:00+00:00
1374,156965,R,2013-04-04 00:00:00+00:00
1375,370567,PG,2018-03-23 00:00:00+00:00
1376,117263,R,2013-03-22 00:00:00+00:00
1377,295588,PG-13,2014-10-24 00:00:00+00:00
1378,192136,PG-13,2013-12-25 00:00:00+00:00
1379,299687,PG-13,2016-01-15 00:00:00+00:00
1380,228970,R,2014-12-05 00:00:00+00:00
1381,228970,R,2014-12-05 00:00:00+00:00
1382,228970,R,2014-12-05 00:00:00+00:00
1383,299245,R,2015-07-10 00:00:00+00:00
1384,279516,,2014-03-28 00:00:00+00:00
1385,279516,,2014-03-28 00:00:00+00:00
1386,279516,,2014-03-28 00:00:00+00:00
1387,127918,PG-13,2013-02-01 00:00:00+00:00
1388,122917,PG-13,2014-12-17 00:00:00+00:00
1389,343409,,2015-06-26 00:00:00+00:00
1390,204082,R,2013-11-27 00:00:00+00:00
1391,126889,R,2017-05-19 00:00:00+00:00
1392,226857,PG-13,2014-02-14 00:00:00+00:00
1393,360188,NR,2015-09-29 00:00:00+00:00
1394,242224,"R,NR",2014-11-28 00:00:00+00:00
1395,216015,R,2015-02-13 00:00:00+00:00
1396,245846,R,2015-07-10 00:00:00+00:00
1397,138103,PG-13,2014-08-15 00:00:00+00:00
1398,157354,R,2013-01-19 00:00:00+00:00
1399,160588,PG-13,2013-07-22 00:00:00+00:00
1400,117251,PG-13,2013-06-28 00:00:00+00:00
1401,159770,NR,2013-10-04 00:00:00+00:00
1402,270554,,2013-11-08 00:00:00+00:00
1403,209262,PG-13,2013-10-04 00:00:00+00:00
1404,157845,R,2014-07-18 00:00:00+00:00
1405,282035,PG-13,2017-06-09 00:00:00+00:00
1406,121986,R,2012-09-01 00:00:00+00:00
1407,121986,R,2012-09-01 00:00:00+00:00
1408,206284,PG,2013-10-04 00:00:00+00:00
1409,418697,,2016-09-16 00:00:00+00:00
1410,418697,,2016-09-16 00:00:00+00:00
1411,115782,PG-13,2013-08-16 00:00:00+00:00
1412,172385,G,2014-04-11 00:00:00+00:00
1413,239573,R,2015-03-06 00:00:00+00:00
1414,188166,R,2013-09-22 00:00:00+00:00
1415,188166,R,2013-09-22 00:00:00+00:00
1416,259695,R,2016-12-25 00:00:00+00:00
1417,259695,R,2016-12-25 00:00:00+00:00
1418,257211,PG-13,2015-09-25 00:00:00+00:00
1419,201132,PG,2013-09-05 00:00:00+00:00
1420,150211,PG-13,2012-10-10 00:00:00+00:00
1421,146238,R,2013-10-02 00:00:00+00:00
1422,293452,R,2016-09-09 00:00:00+00:00
1423,167810,R,2015-04-10 00:00:00+00:00
1424,136797,PG-13,2014-03-14 00:00:00+00:00
1425,255266,,2013-02-14 00:00:00+00:00
1426,184346,R,2014-07-02 00:00:00+00:00
1427,206647,PG-13,2015-11-06 00:00:00+00:00
1428,206647,PG-13,2015-11-06 00:00:00+00:00
1429,138976,NR,2013-12-04 00:00:00+00:00
1430,354912,PG,2017-11-22 00:00:00+00:00
1431,354912,PG,2017-11-22 00:00:00+00:00
1432,354912,PG,2017-11-22 00:00:00+00:00
1433,354912,PG,2017-11-22 00:00:00+00:00
1434,256591,R,2015-02-27 00:00:00+00:00
1435,256591,R,2015-02-27 00:00:00+00:00
1436,157847,R,2014-03-09 00:00:00+00:00
1437,145135,PG-13,2013-02-22 00:00:00+00:00
1438,146239,PG-13,2013-11-22 00:00:00+00:00
1439,241261,R,2014-07-03 00:00:00+00:00
1440,241261,R,2014-07-03 00:00:00+00:00
1441,215918,,2013-12-31 00:00:00+00:00
1442,152748,R,2013-01-19 00:00:00+00:00
1443,157547,R,2014-04-03 00:00:00+00:00
1444,175291,,2013-03-08 00:00:00+00:00
1445,272878,PG,2015-06-26 00:00:00+00:00
1446,272878,PG,2015-06-26 00:00:00+00:00
1447,209263,PG-13,2013-10-11 00:00:00+00:00
1448,99861,PG-13,2015-05-01 00:00:00+00:00
1449,264656,R,2014-08-29 00:00:00+00:00
1450,137116,PG,2017-04-07 00:00:00+00:00
1451,180296,R,2014-06-27 00:00:00+00:00
1452,306947,NR,2015-03-13 00:00:00+00:00
1453,291270,R,2015-09-04 00:00:00+00:00
1454,291270,R,2015-09-04 00:00:00+00:00
1455,192134,R,2014-04-03 00:00:00+00:00
1456,254904,R,2014-08-27 00:00:00+00:00
1457,258480,R,2015-09-04 00:00:00+00:00
1458,258480,R,2015-09-04 00:00:00+00:00
1459,171424,R,2013-11-02 00:00:00+00:00
1460,266102,PG-13,2015-03-20 00:00:00+00:00
1461,189711,,2014-03-08 00:00:00+00:00
1462,178862,NR,2013-02-20 00:00:00+00:00
1463,205584,PG-13,2016-02-26 00:00:00+00:00
1464,304357,PG-13,2015-04-10 00:00:00+00:00
1465,333484,PG-13,2016-09-23 00:00:00+00:00
1466,136795,R,2013-06-28 00:00:00+00:00
1467,341013,R,2017-07-28 00:00:00+00:00
1468,226979,,2013-06-29 00:00:00+00:00
1469,253290,,2014-03-10 00:00:00+00:00
1470,205220,PG-13,2013-11-27 00:00:00+00:00
1471,227719,PG-13,2015-01-30 00:00:00+00:00
1472,257444,,2015-08-14 00:00:00+00:00
1473,257444,,2015-08-14 00:00:00+00:00
1474,260346,PG-13,2015-01-09 00:00:00+00:00
1475,227973,G,2016-02-12 00:00:00+00:00
1476,227973,G,2016-02-12 00:00:00+00:00
1477,253235,PG-13,2014-07-25 00:00:00+00:00
1478,220490,NR,2013-04-19 00:00:00+00:00
1479,146301,R,2015-10-23 00:00:00+00:00
1480,239566,PG-13,2014-08-01 00:00:00+00:00
1481,227348,R,2014-01-03 00:00:00+00:00
1482,245700,R,2014-12-19 00:00:00+00:00
1483,206296,PG-13,2015-02-13 00:00:00+00:00
1484,347969,PG-13,2015-12-11 00:00:00+00:00
1485,192132,R,2013-08-29 00:00:00+00:00
1486,192132,R,2013-08-29 00:00:00+00:00
1487,294963,NR,2015-10-01 00:00:00+00:00
1488,251321,R,2015-05-22 00:00:00+00:00
1489,255295,,2013-05-24 00:00:00+00:00
1490,295964,R,2015-10-23 00:00:00+00:00
1491,295964,R,2015-10-23 00:00:00+00:00
1492,319910,,2015-04-10 00:00:00+00:00
1493,271185,R,2014-04-19 00:00:00+00:00
1494,259611,PG-13,2014-09-05 00:00:00+00:00
1495,159824,PG,2015-09-25 00:00:00+00:00
1496,255343,PG-13,2014-10-11 00:00:00+00:00
1497,266396,R,2015-03-20 00:00:00+00:00
1498,437557,R,2018-04-06 00:00:00+00:00
1499,228967,R,2014-12-25 00:00:00+00:00
1500,228967,R,2014-12-25 00:00:00+00:00
1501,329865,PG-13,2016-09-22 00:00:00+00:00
1502,329865,PG-13,2016-09-22 00:00:00+00:00
1503,406997,PG,2017-11-17 00:00:00+00:00
1504,406997,PG,2017-11-17 00:00:00+00:00
1505,283552,PG-13,2016-09-02 00:00:00+00:00
1506,201085,R,2015-10-16 00:00:00+00:00
1507,201085,R,2015-10-16 00:00:00+00:00
1508,268238,PG,2015-03-06 00:00:00+00:00
1509,268896,PG-13,2018-03-23 00:00:00+00:00
1510,274758,,2014-06-24 00:00:00+00:00
1511,257091,R,2015-03-27 00:00:00+00:00
1512,241259,PG,2016-05-27 00:00:00+00:00
1513,353070,PG-13,2017-04-07 00:00:00+00:00
1514,308369,PG-13,2015-01-25 00:00:00+00:00
1515,329981,PG-13,2016-11-11 00:00:00+00:00
1516,329981,PG-13,2016-11-11 00:00:00+00:00
1517,338766,R,2016-08-12 00:00:00+00:00
1518,367412,,2013-01-18 00:00:00+00:00
1519,222935,PG-13,2014-05-16 00:00:00+00:00
1520,173897,R,2017-01-27 00:00:00+00:00
1521,181330,R,2013-06-22 00:00:00+00:00
1522,310933,,2013-06-01 00:00:00+00:00
1523,214756,R,2015-06-26 00:00:00+00:00
1524,243938,R,2015-02-20 00:00:00+00:00
1525,271969,PG-13,2016-08-19 00:00:00+00:00
1526,205126,,2013-06-27 00:00:00+00:00
1527,245703,PG-13,2016-03-12 00:00:00+00:00
1528,180383,,2012-10-04 00:00:00+00:00
1529,286475,NR,2012-05-24 00:00:00+00:00
1530,286475,NR,2012-05-24 00:00:00+00:00
1531,286475,NR,2012-05-24 00:00:00+00:00
1532,286475,NR,2012-05-24 00:00:00+00:00
1533,286475,NR,2012-05-24 00:00:00+00:00
1534,188927,PG-13,2016-07-22 00:00:00+00:00
1535,230266,PG-13,2014-10-09 00:00:00+00:00
1536,393457,PG-13,2016-12-25 00:00:00+00:00
1537,393457,PG-13,2016-12-25 00:00:00+00:00
1538,296096,PG-13,2016-06-03 00:00:00+00:00
1539,399790,PG,2017-06-02 00:00:00+00:00
1540,249070,R,2015-08-21 00:00:00+00:00
1541,308638,R,2015-01-23 00:00:00+00:00
1542,181533,PG,2014-12-19 00:00:00+00:00
1543,210479,R,2014-04-25 00:00:00+00:00
1544,351043,R,2015-08-14 00:00:00+00:00
1545,351043,R,2015-08-14 00:00:00+00:00
1546,323676,R,2016-04-08 00:00:00+00:00
1547,315839,,2015-01-30 00:00:00+00:00
1548,445571,R,2018-05-22 00:00:00+00:00
1549,328111,PG,2016-07-08 00:00:00+00:00
1550,228150,R,2014-10-17 00:00:00+00:00
1551,201088,R,2015-01-16 00:00:00+00:00
1552,253412,PG-13,2015-09-25 00:00:00+00:00
1553,253412,PG-13,2015-09-25 00:00:00+00:00
1554,408266,PG-13,2017-08-25 00:00:00+00:00
1555,244776,,2014-01-20 00:00:00+00:00
1556,228205,PG-13,2015-04-10 00:00:00+00:00
1557,405774,R,2018-12-21 00:00:00+00:00
1558,226354,PG,2013-11-22 00:00:00+00:00
1559,222649,R,2014-08-29 00:00:00+00:00
1560,79316,R,2014-01-17 00:00:00+00:00
1561,283445,R,2015-08-21 00:00:00+00:00
1562,10020,G,1991-11-22 00:00:00+00:00
1563,177494,PG-13,2014-03-08 00:00:00+00:00
1564,284296,R,2014-12-12 00:00:00+00:00
1565,339988,PG-13,2017-04-26 00:00:00+00:00
1566,339988,PG-13,2017-04-26 00:00:00+00:00
1567,339988,PG-13,2017-04-26 00:00:00+00:00
1568,301748,R,2014-11-08 00:00:00+00:00
1569,427533,NR,2015-11-22 00:00:00+00:00
1570,300668,R,2018-02-23 00:00:00+00:00
1571,207703,R,2014-12-13 00:00:00+00:00
1572,207703,R,2014-12-13 00:00:00+00:00
1573,271331,,2015-06-05 00:00:00+00:00
1574,333667,PG,2017-02-24 00:00:00+00:00
1575,316023,R,2016-07-08 00:00:00+00:00
1576,294550,,2014-05-02 00:00:00+00:00
1577,184345,R,2014-04-18 00:00:00+00:00
1578,254470,PG-13,2015-05-15 00:00:00+00:00
1579,294086,,2014-07-26 00:00:00+00:00
1580,323675,PG-13,2016-01-15 00:00:00+00:00
1581,256274,R,2014-08-29 00:00:00+00:00
1582,231576,R,2014-01-18 00:00:00+00:00
1583,242582,R,2014-10-31 00:00:00+00:00
1584,240832,R,2014-07-25 00:00:00+00:00
1585,240832,R,2014-07-25 00:00:00+00:00
1586,401981,R,2018-03-02 00:00:00+00:00
1587,253331,PG-13,2014-10-08 00:00:00+00:00
1588,253331,PG-13,2014-10-08 00:00:00+00:00
1589,244267,R,2014-07-18 00:00:00+00:00
1590,254905,PG-13,2015-06-19 00:00:00+00:00
1591,248774,R,2014-01-17 00:00:00+00:00
1592,242095,PG-13,2014-01-20 00:00:00+00:00
1593,245891,R,2014-10-24 00:00:00+00:00
1594,184342,,2010-02-09 00:00:00+00:00
1595,250066,NR,2015-07-14 00:00:00+00:00
1596,513324,R,2018-05-11 00:00:00+00:00
1597,241239,R,2015-04-07 00:00:00+00:00
1598,241239,R,2015-04-07 00:00:00+00:00
1599,287948,PG-13,2015-09-04 00:00:00+00:00
1600,356216,R,2015-08-29 00:00:00+00:00
1601,269149,PG,2016-03-04 00:00:00+00:00
1602,379441,PG,2016-08-26 00:00:00+00:00
1603,244534,R,2014-06-26 00:00:00+00:00
1604,254024,PG-13,2015-03-27 00:00:00+00:00
1605,268920,PG-13,2015-05-08 00:00:00+00:00
1606,256092,NR,2014-11-11 00:00:00+00:00
1607,258509,PG,2015-12-18 00:00:00+00:00
1608,238636,R,2014-07-18 00:00:00+00:00
1609,209112,"R,PG-13",2016-03-25 00:00:00+00:00
1610,227735,PG,2014-09-12 00:00:00+00:00
1611,270010,R,2016-04-22 00:00:00+00:00
1612,266856,PG-13,2014-11-26 00:00:00+00:00
1613,228194,PG,2014-08-08 00:00:00+00:00
1614,300706,R,2014-12-23 00:00:00+00:00
1615,244506,R,2014-01-17 00:00:00+00:00
1616,256917,R,2015-04-24 00:00:00+00:00
1617,360799,,2017-06-23 00:00:00+00:00
1618,360799,,2017-06-23 00:00:00+00:00
1619,274862,PG,2017-09-22 00:00:00+00:00
1620,302156,R,2016-04-15 00:00:00+00:00
1621,202604,PG-13,2013-05-29 00:00:00+00:00
1622,210860,R,2015-01-23 00:00:00+00:00
1623,207932,PG-13,2016-10-28 00:00:00+00:00
1624,207932,PG-13,2016-10-28 00:00:00+00:00
1625,207932,PG-13,2016-10-28 00:00:00+00:00
1626,207932,PG-13,2016-10-28 00:00:00+00:00
1627,325348,R,2016-04-06 00:00:00+00:00
1628,245168,PG-13,2015-09-04 00:00:00+00:00
1629,262841,PG,2017-01-13 00:00:00+00:00
1630,246403,R,2014-09-19 00:00:00+00:00
1631,370464,PG-13,2016-01-08 00:00:00+00:00
1632,278316,,2014-06-22 00:00:00+00:00
1633,455207,PG-13,2018-11-20 00:00:00+00:00
1634,291362,NR,2015-03-06 00:00:00+00:00
1635,291805,PG-13,2016-06-10 00:00:00+00:00
1636,433715,,2014-06-15 00:00:00+00:00
1637,241771,PG-13,2015-02-24 00:00:00+00:00
1638,241771,PG-13,2015-02-24 00:00:00+00:00
1639,323271,,2015-08-28 00:00:00+00:00
1640,242083,,2014-01-21 00:00:00+00:00
1641,277607,,2014-01-01 00:00:00+00:00
1642,380733,PG-13,2016-02-02 00:00:00+00:00
1643,271718,R,2015-07-17 00:00:00+00:00
1644,326576,,2014-04-05 00:00:00+00:00
1645,253414,R,2015-10-23 00:00:00+00:00
1646,253414,R,2015-10-23 00:00:00+00:00
1647,264644,R,2015-09-04 00:00:00+00:00
1648,264644,R,2015-09-04 00:00:00+00:00
1649,250124,R,2015-08-28 00:00:00+00:00
1650,241251,R,2015-01-23 00:00:00+00:00
1651,403390,R,2017-02-24 00:00:00+00:00
1652,259316,PG-13,2016-11-18 00:00:00+00:00
1653,259316,PG-13,2016-11-18 00:00:00+00:00
1654,438467,,2017-03-10 00:00:00+00:00
1655,438467,,2017-03-10 00:00:00+00:00
1656,332411,R,2016-05-13 00:00:00+00:00
1657,241258,PG-13,2016-12-02 00:00:00+00:00
1658,270303,R,2014-09-24 00:00:00+00:00
1659,270303,R,2014-09-24 00:00:00+00:00
1660,380121,PG-13,2016-02-26 00:00:00+00:00
1661,295886,,2015-04-24 00:00:00+00:00
1662,295886,,2015-04-24 00:00:00+00:00
1663,363676,PG-13,2016-09-09 00:00:00+00:00
1664,26222,,2010-02-09 00:00:00+00:00
1665,26222,,2010-02-09 00:00:00+00:00
1666,320146,R,2015-03-15 00:00:00+00:00
1667,320146,R,2015-03-15 00:00:00+00:00
1668,351044,PG-13,2018-12-21 00:00:00+00:00
1669,267860,R,2016-03-04 00:00:00+00:00
1670,254472,,2015-07-03 00:00:00+00:00
1671,211557,,2012-10-28 00:00:00+00:00
1672,261392,R,2015-08-21 00:00:00+00:00
1673,284293,PG-13,2014-12-05 00:00:00+00:00
1674,241257,R,2016-02-05 00:00:00+00:00
1675,250546,R,2014-10-03 00:00:00+00:00
1676,266647,PG,2015-10-09 00:00:00+00:00
1677,332285,,2016-01-25 00:00:00+00:00
1678,257087,NR,2016-02-02 00:00:00+00:00
1679,257087,NR,2016-02-02 00:00:00+00:00
1680,309503,R,2015-08-28 00:00:00+00:00
1681,298250,R,2017-10-27 00:00:00+00:00
1682,335988,PG-13,2017-06-21 00:00:00+00:00
1683,276907,R,2015-10-29 00:00:00+00:00
1684,276907,R,2015-10-29 00:00:00+00:00
1685,276907,R,2015-10-29 00:00:00+00:00
1686,276907,R,2015-10-29 00:00:00+00:00
1687,276907,R,2015-10-29 00:00:00+00:00
1688,276907,R,2015-10-29 00:00:00+00:00
1689,246655,PG-13,2016-05-27 00:00:00+00:00
1690,343611,PG-13,2016-10-21 00:00:00+00:00
1691,343611,PG-13,2016-10-21 00:00:00+00:00
1692,273481,R,2015-09-14 00:00:00+00:00
1693,273481,R,2015-09-14 00:00:00+00:00
1694,345922,R,2017-05-30 00:00:00+00:00
1695,392044,PG-13,2017-11-10 00:00:00+00:00
1696,392044,PG-13,2017-11-10 00:00:00+00:00
1697,378518,NR,2016-01-24 00:00:00+00:00
1698,364689,PG,2017-12-15 00:00:00+00:00
1699,364689,PG,2017-12-15 00:00:00+00:00
1700,258230,PG-13,2017-01-06 00:00:00+00:00
1701,258230,PG-13,2017-01-06 00:00:00+00:00
1702,278154,PG,2016-07-22 00:00:00+00:00
1703,306667,,2014-09-10 00:00:00+00:00
1704,306667,,2014-09-10 00:00:00+00:00
1705,256961,PG,2015-04-17 00:00:00+00:00
1706,281338,PG-13,2017-10-24 00:00:00+00:00
1707,345003,,2015-11-20 00:00:00+00:00
1708,273248,R,2015-12-30 00:00:00+00:00
1709,273248,R,2015-12-30 00:00:00+00:00
1710,254320,R,2016-05-13 00:00:00+00:00
1711,254320,R,2016-05-13 00:00:00+00:00
1712,324852,PG,2017-06-30 00:00:00+00:00
1713,335797,PG,2016-12-21 00:00:00+00:00
1714,335797,PG,2016-12-21 00:00:00+00:00
1715,307663,R,2015-01-16 00:00:00+00:00
1716,307663,R,2015-01-16 00:00:00+00:00
1717,335777,PG,2017-08-11 00:00:00+00:00
1718,271110,PG-13,2016-05-06 00:00:00+00:00
1719,284053,PG-13,2017-11-03 00:00:00+00:00
1720,284053,PG-13,2017-11-03 00:00:00+00:00
1721,253306,NR,2014-10-17 00:00:00+00:00
1722,325173,,2015-12-11 00:00:00+00:00
1723,371638,R,2017-12-08 00:00:00+00:00
1724,371638,R,2017-12-08 00:00:00+00:00
1725,94727,,1926-01-07 00:00:00+00:00
1726,278924,R,2016-11-22 00:00:00+00:00
1727,296100,R,2015-11-20 00:00:00+00:00
1728,296100,R,2015-11-20 00:00:00+00:00
1729,296100,R,2015-11-20 00:00:00+00:00
1730,296100,R,2015-11-20 00:00:00+00:00
1731,337170,R,2017-09-29 00:00:00+00:00
1732,337170,R,2017-09-29 00:00:00+00:00
1733,356483,,2015-10-16 00:00:00+00:00
1734,279641,R,2016-03-04 00:00:00+00:00
1735,417870,R,2017-07-21 00:00:00+00:00
1736,364116,R,2016-03-11 00:00:00+00:00
1737,364116,R,2016-03-11 00:00:00+00:00
1738,292483,,2014-09-23 00:00:00+00:00
1739,332718,PG-13,2018-02-02 00:00:00+00:00
1740,408429,,2014-07-13 00:00:00+00:00
1741,263472,R,2015-01-23 00:00:00+00:00
1742,263472,R,2015-01-23 00:00:00+00:00
1743,260514,G,2017-06-16 00:00:00+00:00
1744,260513,PG,2018-06-15 00:00:00+00:00
1745,404378,NR,2016-11-18 00:00:00+00:00
1746,404378,NR,2016-11-18 00:00:00+00:00
1747,265177,R,2014-08-29 00:00:00+00:00
1748,266639,PG,2015-10-23 00:00:00+00:00
1749,266639,PG,2015-10-23 00:00:00+00:00
1750,286565,PG-13,2015-07-24 00:00:00+00:00
1751,275601,PG-13,2015-08-07 00:00:00+00:00
1752,326423,PG-13,2016-04-15 00:00:00+00:00
1753,369885,R,2016-11-23 00:00:00+00:00
1754,369885,R,2016-11-23 00:00:00+00:00
1755,373314,R,2016-02-05 00:00:00+00:00
1756,286217,PG-13,2015-10-02 00:00:00+00:00
1757,286217,PG-13,2015-10-02 00:00:00+00:00
1758,289180,,2014-09-07 00:00:00+00:00
1759,296098,PG-13,2015-10-16 00:00:00+00:00
1760,296098,PG-13,2015-10-16 00:00:00+00:00
1761,334527,R,2016-02-16 00:00:00+00:00
1762,334527,R,2016-02-16 00:00:00+00:00
1763,267935,PG,2016-07-01 00:00:00+00:00
1764,314385,R,2015-11-05 00:00:00+00:00
1765,277685,R,2015-04-17 00:00:00+00:00
1766,346672,R,2017-01-06 00:00:00+00:00
1767,305470,PG-13,2017-03-24 00:00:00+00:00
1768,340485,R,2016-09-23 00:00:00+00:00
1769,328589,PG-13,2015-12-04 00:00:00+00:00
1770,328589,PG-13,2015-12-04 00:00:00+00:00
1771,293167,PG-13,2017-03-10 00:00:00+00:00
1772,334543,PG-13,2016-09-30 00:00:00+00:00
1773,334543,PG-13,2016-09-30 00:00:00+00:00
1774,334543,PG-13,2016-09-30 00:00:00+00:00
1775,334543,PG-13,2016-09-30 00:00:00+00:00
1776,302688,PG-13,2016-03-25 00:00:00+00:00
1777,345887,R,2018-07-20 00:00:00+00:00
1778,302401,R,2016-09-16 00:00:00+00:00
1779,348350,PG-13,2018-05-25 00:00:00+00:00
1780,313369,PG-13,2016-12-16 00:00:00+00:00
1781,313369,PG-13,2016-12-16 00:00:00+00:00
1782,301351,R,2015-08-28 00:00:00+00:00
1783,290250,R,2016-05-20 00:00:00+00:00
1784,397805,,2014-01-01 00:00:00+00:00
1785,397805,,2014-01-01 00:00:00+00:00
1786,310133,R,2015-01-24 00:00:00+00:00
1787,346910,R,2018-09-14 00:00:00+00:00
1788,395991,PG-13,2017-10-20 00:00:00+00:00
1789,323272,PG,2015-08-28 00:00:00+00:00
1790,284564,R,2016-09-16 00:00:00+00:00
1791,290825,R,2016-01-24 00:00:00+00:00
1792,409540,,2015-05-29 00:00:00+00:00
1793,308639,R,2015-01-24 00:00:00+00:00
1794,287903,PG-13,2015-12-04 00:00:00+00:00
1795,308453,R,2016-03-18 00:00:00+00:00
1796,308453,R,2016-03-18 00:00:00+00:00
1797,304372,PG-13,2015-09-11 00:00:00+00:00
1798,295693,PG,2017-03-31 00:00:00+00:00
1799,395993,R,2017-09-22 00:00:00+00:00
1800,395993,R,2017-09-22 00:00:00+00:00
1801,395993,R,2017-09-22 00:00:00+00:00
1802,339403,R,2017-03-11 00:00:00+00:00
1803,285743,,2016-03-29 00:00:00+00:00
1804,365942,PG-13,2017-02-03 00:00:00+00:00
1805,308531,PG-13,2016-06-03 00:00:00+00:00
1806,341012,R,2016-06-03 00:00:00+00:00
1807,292280,PG-13,2017-01-13 00:00:00+00:00
1808,334541,R,2016-12-16 00:00:00+00:00
1809,334541,R,2016-12-16 00:00:00+00:00
1810,347031,R,2016-01-22 00:00:00+00:00
1811,294254,PG-13,2015-09-18 00:00:00+00:00
1812,332567,PG-13,2016-06-24 00:00:00+00:00
1813,309425,PG-13,2015-03-20 00:00:00+00:00
1814,309425,PG-13,2015-03-20 00:00:00+00:00
1815,389425,,2016-05-06 00:00:00+00:00
1816,313922,R,2015-09-25 00:00:00+00:00
1817,313922,R,2015-09-25 00:00:00+00:00
1818,379532,PG,2016-01-05 00:00:00+00:00
1819,394047,PG,2016-07-08 00:00:00+00:00
1820,445651,PG-13,2018-08-03 00:00:00+00:00
1821,316727,R,2016-07-01 00:00:00+00:00
1822,417261,PG,2018-01-26 00:00:00+00:00
1823,324849,PG,2017-02-10 00:00:00+00:00
1824,338952,PG-13,2018-11-16 00:00:00+00:00
1825,315664,PG-13,2016-08-12 00:00:00+00:00
1826,342521,R,2016-03-13 00:00:00+00:00
1827,299536,PG-13,2018-04-27 00:00:00+00:00
1828,334521,R,2017-04-21 00:00:00+00:00
1829,371690,,2015-10-20 00:00:00+00:00
1830,409647,,2014-01-01 00:00:00+00:00
1831,409647,,2014-01-01 00:00:00+00:00
1832,333596,PG,2015-10-16 00:00:00+00:00
1833,333596,PG,2015-10-16 00:00:00+00:00
1834,377587,R,2016-04-01 00:00:00+00:00
1835,339408,R,2016-01-25 00:00:00+00:00
1836,339408,R,2016-01-25 00:00:00+00:00
1837,324668,PG-13,2016-07-29 00:00:00+00:00
1838,401469,R,2019-02-05 00:00:00+00:00
1839,331745,,2014-11-15 00:00:00+00:00
1840,331745,,2014-11-15 00:00:00+00:00
1841,358807,,2016-01-22 00:00:00+00:00
1842,385736,R,2016-04-14 00:00:00+00:00
1843,339984,PG,2016-03-18 00:00:00+00:00
1844,259043,,2014-03-07 00:00:00+00:00
1845,310307,PG-13,2017-01-20 00:00:00+00:00
1846,310307,PG-13,2017-01-20 00:00:00+00:00
1847,385383,,2016-07-22 00:00:00+00:00
1848,313297,PG,2016-11-22 00:00:00+00:00
1849,343795,PG-13,2015-09-11 00:00:00+00:00
1850,317557,PG,2016-09-30 00:00:00+00:00
1851,335796,PG-13,2016-10-21 00:00:00+00:00
1852,335796,PG-13,2016-10-21 00:00:00+00:00
1853,359406,,2013-06-21 00:00:00+00:00
1854,337844,R,2016-10-08 00:00:00+00:00
1855,337844,R,2016-10-08 00:00:00+00:00
1856,299553,,2015-10-02 00:00:00+00:00
1857,325133,R,2016-05-20 00:00:00+00:00
1858,322745,,2015-07-31 00:00:00+00:00
1859,341174,R,2017-05-02 00:00:00+00:00
1860,337167,R,2018-02-09 00:00:00+00:00
1861,400928,PG-13,2017-04-12 00:00:00+00:00
1862,336843,PG-13,2018-01-26 00:00:00+00:00
1863,356305,R,2017-03-28 00:00:00+00:00
1864,356305,R,2017-03-28 00:00:00+00:00
1865,337154,PG-13,2016-04-19 00:00:00+00:00
1866,438808,R,2018-09-14 00:00:00+00:00
1867,376290,R,2016-11-11 00:00:00+00:00
1868,376290,R,2016-11-11 00:00:00+00:00
1869,340666,R,2016-11-11 00:00:00+00:00
1870,340666,R,2016-11-11 00:00:00+00:00
1871,399404,PG-13,2017-11-22 00:00:00+00:00
1872,399404,PG-13,2017-11-22 00:00:00+00:00
1873,347375,R,2018-08-17 00:00:00+00:00
1874,388399,R,2016-12-21 00:00:00+00:00
1875,388399,R,2016-12-21 00:00:00+00:00
1876,347882,R,2016-01-23 00:00:00+00:00
1877,347882,R,2016-01-23 00:00:00+00:00
1878,420814,PG,2018-08-03 00:00:00+00:00
1879,355547,PG,2017-11-17 00:00:00+00:00
1880,401847,R,2018-10-19 00:00:00+00:00
1881,369192,PG-13,2017-09-22 00:00:00+00:00
1882,369192,PG-13,2017-09-22 00:00:00+00:00
1883,332210,PG,2016-12-20 00:00:00+00:00
1884,337339,PG-13,2017-04-14 00:00:00+00:00
1885,510284,,2018-04-22 00:00:00+00:00
1886,402298,PG-13,2017-01-03 00:00:00+00:00
1887,402298,PG-13,2017-01-03 00:00:00+00:00
1888,402298,PG-13,2017-01-03 00:00:00+00:00
1889,402298,PG-13,2017-01-03 00:00:00+00:00
1890,340402,,2016-11-11 00:00:00+00:00
1891,343668,R,2017-12-12 00:00:00+00:00
1892,376659,R,2016-07-29 00:00:00+00:00
1893,450806,PG,2017-08-25 00:00:00+00:00
1894,351819,R,2016-01-29 00:00:00+00:00
1895,339927,R,2016-10-14 00:00:00+00:00
1896,339380,PG-13,2019-03-26 00:00:00+00:00
1897,339419,PG-13,2016-11-04 00:00:00+00:00
1898,339419,PG-13,2016-11-04 00:00:00+00:00
1899,345920,PG-13,2016-12-16 00:00:00+00:00
1900,345920,PG-13,2016-12-16 00:00:00+00:00
1901,418078,R,2017-06-09 00:00:00+00:00
1902,371645,PG-13,2016-01-22 00:00:00+00:00
1903,424783,PG-13,2018-12-21 00:00:00+00:00
1904,387592,PG,2018-02-16 00:00:00+00:00
1905,340042,,2015-05-13 00:00:00+00:00
1906,340042,,2015-05-13 00:00:00+00:00
1907,367551,R,2015-12-11 00:00:00+00:00
1908,505058,R,2018-03-09 00:00:00+00:00
1909,353616,PG-13,2017-12-22 00:00:00+00:00
1910,353616,PG-13,2017-12-22 00:00:00+00:00
1911,408852,,2013-10-16 00:00:00+00:00
1912,408852,,2013-10-16 00:00:00+00:00
1913,353575,R,2017-11-03 00:00:00+00:00
1914,345940,PG-13,2018-08-10 00:00:00+00:00
1915,345911,PG-13,2016-06-08 00:00:00+00:00
1916,454417,,
1917,454417,,
1918,425134,PG-13,2017-04-28 00:00:00+00:00
1919,397422,R,2017-06-16 00:00:00+00:00
1920,467110,,2015-03-27 00:00:00+00:00
1921,467110,,2015-03-27 00:00:00+00:00
1922,381284,PG,2016-12-10 00:00:00+00:00
1923,381284,PG,2016-12-10 00:00:00+00:00
1924,353058,,2017-06-23 00:00:00+00:00
1925,378200,,2016-03-11 00:00:00+00:00
1926,378236,PG,2017-07-23 00:00:00+00:00
1927,351286,PG-13,2018-09-18 00:00:00+00:00
1928,422114,PG,2017-01-20 00:00:00+00:00
1929,391713,R,2017-09-01 00:00:00+00:00
1930,391713,R,2017-09-01 00:00:00+00:00
1931,376867,R,2016-11-18 00:00:00+00:00
1932,376867,R,2016-11-18 00:00:00+00:00
1933,369883,PG,2016-10-07 00:00:00+00:00
1934,401246,R,2017-10-27 00:00:00+00:00
1935,401246,R,2017-10-27 00:00:00+00:00
1936,499658,,2016-01-24 00:00:00+00:00
1937,499658,,2016-01-24 00:00:00+00:00
1938,370662,,2015-09-04 00:00:00+00:00
1939,417678,PG-13,2017-05-19 00:00:00+00:00
1940,374720,PG-13,2017-07-21 00:00:00+00:00
1941,359940,R,2017-09-21 00:00:00+00:00
1942,359940,R,2017-09-21 00:00:00+00:00
1943,400650,PG,2018-12-19 00:00:00+00:00
1944,130627,,2010-02-01 00:00:00+00:00
1945,400535,R,2018-06-29 00:00:00+00:00
1946,375262,R,2018-11-23 00:00:00+00:00
1947,363088,PG-13,2018-07-06 00:00:00+00:00
1948,381719,PG,2018-02-09 00:00:00+00:00
1949,396422,R,2017-08-11 00:00:00+00:00
1950,514407,PG-13,2018-10-26 00:00:00+00:00
1951,514407,PG-13,2018-10-26 00:00:00+00:00
1952,449176,PG-13,2018-05-29 00:00:00+00:00
1953,414453,PG-13,2017-01-22 00:00:00+00:00
1954,414453,PG-13,2017-01-22 00:00:00+00:00
1955,414453,PG-13,2017-01-22 00:00:00+00:00
1956,400155,PG,2018-07-13 00:00:00+00:00
1957,370755,R,2017-04-04 00:00:00+00:00
1958,370755,R,2017-04-04 00:00:00+00:00
1959,392982,PG-13,2017-10-04 00:00:00+00:00
1960,392982,PG-13,2017-10-04 00:00:00+00:00
1961,440021,PG-13,2017-10-13 00:00:00+00:00
1962,433694,PG,2018-04-13 00:00:00+00:00
1963,440597,PG-13,2017-07-14 00:00:00+00:00
1964,407890,R,2017-09-01 00:00:00+00:00
1965,407890,R,2017-09-01 00:00:00+00:00
1966,430040,PG-13,2018-03-09 00:00:00+00:00
1967,399170,PG-13,2017-08-18 00:00:00+00:00
1968,416477,R,2017-01-20 00:00:00+00:00
1969,383498,"R,PG-13",2018-12-12 00:00:00+00:00
1970,400106,,2017-12-22 00:00:00+00:00
1971,426543,PG,2018-11-02 00:00:00+00:00
1972,389015,R,2017-10-19 00:00:00+00:00
1973,389015,R,2017-10-19 00:00:00+00:00
1974,470044,PG-13,2018-10-19 00:00:00+00:00
1975,399055,R,2017-12-22 00:00:00+00:00
1976,399055,R,2017-12-22 00:00:00+00:00
1977,390745,,2016-04-15 00:00:00+00:00
1978,390745,,2016-04-15 00:00:00+00:00
1979,397722,R,2018-03-09 00:00:00+00:00
1980,397722,R,2018-03-09 00:00:00+00:00
1981,394117,R,2017-10-06 00:00:00+00:00
1982,442062,PG,2018-10-12 00:00:00+00:00
1983,424781,R,2018-01-20 00:00:00+00:00
1984,439015,PG-13,2018-10-30 00:00:00+00:00
1985,439015,PG-13,2018-10-30 00:00:00+00:00
1986,398177,PG-13,2017-12-08 00:00:00+00:00
1987,398177,PG-13,2017-12-08 00:00:00+00:00
1988,406563,PG-13,2018-01-05 00:00:00+00:00
1989,434555,R,2019-02-26 00:00:00+00:00
1990,447200,PG-13,2018-07-13 00:00:00+00:00
1991,411019,R,2017-02-03 00:00:00+00:00
1992,480881,,2017-10-27 00:00:00+00:00
1993,480881,,2017-10-27 00:00:00+00:00
1994,406761,R,2018-06-08 00:00:00+00:00
1995,413362,PG-13,2017-11-17 00:00:00+00:00
1996,413362,PG-13,2017-11-17 00:00:00+00:00
1997,417830,PG,2017-05-19 00:00:00+00:00
1998,458737,R,2018-05-18 00:00:00+00:00
1999,464502,R,2018-03-30 00:00:00+00:00
2000,442249,R,2018-09-18 00:00:00+00:00
2001,446894,PG,2018-12-11 00:00:00+00:00
2002,428449,R,2017-01-22 00:00:00+00:00
2003,426256,R,2017-01-23 00:00:00+00:00
2004,446354,PG-13,2017-12-22 00:00:00+00:00
2005,446354,PG-13,2017-12-22 00:00:00+00:00
2006,245927,,2013-07-01 00:00:00+00:00
2007,480530,PG-13,2018-11-21 00:00:00+00:00
2008,447332,PG-13,2018-04-06 00:00:00+00:00
2009,447332,PG-13,2018-04-06 00:00:00+00:00
2010,431530,R,2017-11-01 00:00:00+00:00
2011,431530,R,2017-11-01 00:00:00+00:00
2012,442064,R,2018-01-12 00:00:00+00:00
2013,470878,PG,2018-03-16 00:00:00+00:00
2014,454283,R,2018-06-01 00:00:00+00:00
2015,500664,R,2018-03-10 00:00:00+00:00
2016,446021,R,2018-09-27 00:00:00+00:00
2017,460668,PG-13,2018-04-20 00:00:00+00:00
2018,453201,PG-13,2018-02-09 00:00:00+00:00
2019,458594,R,2018-11-23 00:00:00+00:00
2020,490132,PG-13,2018-11-16 00:00:00+00:00
2021,489925,R,2018-01-19 00:00:00+00:00
2022,484247,R,2018-09-14 00:00:00+00:00
2023,465914,R,2018-10-11 00:00:00+00:00
2024,471507,R,2018-08-31 00:00:00+00:00
2025,403153,,2014-01-01 00:00:00+00:00
2026,467660,R,2018-03-23 00:00:00+00:00
2027,470333,PG-13,2018-01-26 00:00:00+00:00
2028,474335,PG-13,2018-06-29 00:00:00+00:00
2029,487558,R,2018-08-10 00:00:00+00:00
2030,547590,,2018-09-22 00:00:00+00:00
2031,476968,PG-13,2018-03-28 00:00:00+00:00
2032,491418,PG-13,2019-03-05 00:00:00+00:00
2033,493922,R,2018-09-04 00:00:00+00:00
2034,532908,R,2018-09-21 00:00:00+00:00
